Country,Year,Energy efficiency,Fossil fuels,Hydrogen and fuel cells,Nuclear,Other power and storage technologies,Renewables
Australia,2000,0.0,0.0,0.0,0.0,0.0,0.0
Australia,2001,17.152,118.584,0.0,5.329,10.331,19.396
Australia,2002,0.0,0.0,0.0,0.0,0.0,0.0
Australia,2003,15.887,97.503,0.0,1.58,7.36,18.977
Australia,2004,55.633,61.956,0.343,35.143,11.036,44.505
Australia,2005,34.949,58.405,0.0,23.844,13.038,31.625
Australia,2006,31.714,67.879,0.209,18.422,13.836,40.613
Australia,2007,34.37,71.601,0.657,15.688,13.817,49.002
Australia,2008,40.154,66.121,0.306,23.928,13.156,42.198
Australia,2009,36.22,276.389,1.131,2.669,15.756,81.556
Australia,2010,116.592,197.974,2.145,2.636,12.179,86.763
Australia,2011,84.283,223.228,2.138,5.189,10.146,168.37
Australia,2012,61.042,336.597,0.192,9.87,16.166,218.989
Australia,2013,60.072,273.613,1.554,7.453,20.153,433.874
Australia,2014,24.889,130.477,3.414,6.601,8.987,79.057
Australia,2015,24.818,54.277,3.496,7.683,14.152,127.622
Australia,2016,17.935,35.366,3.244,14.663,15.611,46.943
Australia,2017,22.668,54.742,4.74,8.078,13.679,55.223
Australia,2018,25.912,56.11,25.425,6.924,16.035,52.41
Australia,2019,35.372,52.299,38.062,7.484,30.175,57.913
Australia,2020,23.161,37.151,34.828,7.75,16.28,31.22
Australia,2021,33.524,33.346,58.724,11.061,43.622,44.575
Austria,2000,14.81,0.921,0.0,5.601,6.667,13.531
Austria,2001,18.621,1.288,0.0,6.83,9.373,16.132
Austria,2002,15.901,0.825,0.0,6.96,7.608,19.439
Austria,2003,10.058,0.915,0.0,5.772,7.839,19.682
Austria,2004,19.172,0.88,0.0,6.301,14.669,18.624
Austria,2005,18.646,0.43,3.549,6.338,7.394,23.014
Austria,2006,18.659,1.728,12.022,6.867,6.699,25.853
Austria,2007,14.037,1.605,2.122,6.008,4.153,27.087
Austria,2008,41.96,4.832,4.223,7.941,9.264,43.626
Austria,2009,65.711,0.871,4.641,5.235,11.38,57.171
Austria,2010,96.995,1.587,6.146,5.343,30.634,58.598
Austria,2011,109.071,1.902,3.711,4.498,20.943,56.117
Austria,2012,93.011,2.154,6.323,4.227,38.484,47.379
Austria,2013,91.768,8.377,6.441,4.192,36.387,48.685
Austria,2014,99.691,0.996,13.265,2.438,56.983,52.339
Austria,2015,90.018,7.001,2.68,2.058,56.706,34.958
Austria,2016,102.873,2.338,4.908,2.355,48.093,47.29
Austria,2017,100.854,3.619,7.099,1.864,57.066,32.757
Austria,2018,100.788,0.904,12.178,2.757,43.67,34.955
Austria,2019,111.31,2.215,13.918,2.383,30.514,34.923
Austria,2020,111.063,2.389,12.555,2.268,46.822,31.122
Austria,2021,136.312,1.113,58.42,2.218,64.025,29.093
Belgium,2000,0.0,0.0,0.0,0.0,0.0,0.0
Belgium,2001,0.0,0.0,0.0,0.0,0.0,0.0
Belgium,2002,0.0,0.0,0.0,0.0,0.0,0.0
Belgium,2003,0.0,0.0,0.0,0.0,0.0,0.0
Belgium,2004,0.0,0.0,0.0,0.0,0.0,0.0
Belgium,2005,0.0,0.0,0.0,0.0,0.0,0.0
Belgium,2006,0.0,0.0,0.0,0.0,0.0,0.0
Belgium,2007,41.214,3.361,1.064,79.019,8.948,26.544
Belgium,2008,0.0,0.0,0.0,0.0,0.0,0.0
Belgium,2009,0.0,0.0,0.0,0.0,0.0,0.0
Belgium,2010,0.0,0.0,0.0,95.63,0.0,0.0
Belgium,2011,74.977,0.0,2.395,116.873,25.111,28.628
Belgium,2012,128.129,4.044,0.357,134.003,45.576,28.793
Belgium,2013,83.341,0.162,0.0,168.175,28.803,31.016
Belgium,2014,82.827,2.511,5.099,107.672,20.096,43.213
Belgium,2015,84.782,2.816,1.935,121.262,14.194,27.941
Belgium,2016,68.711,1.082,1.956,138.153,19.183,23.647
Belgium,2017,66.644,0.0,2.935,111.357,31.678,24.938
Belgium,2018,85.56,1.258,3.028,116.458,22.76,17.376
Belgium,2019,101.622,0.475,10.63,141.396,43.375,35.927
Belgium,2020,184.957,5.107,7.051,162.783,28.823,28.012
Belgium,2021,43.047,4.564,12.535,145.999,34.655,10.449
Brazil,2000,0.0,0.0,0.0,0.0,0.0,0.0
Brazil,2001,0.0,0.0,0.0,0.0,0.0,0.0
Brazil,2002,0.0,0.0,0.0,0.0,0.0,0.0
Brazil,2003,0.0,0.0,0.0,0.0,0.0,0.0
Brazil,2004,0.0,0.0,0.0,0.0,0.0,0.0
Brazil,2005,0.0,0.0,0.0,0.0,0.0,0.0
Brazil,2006,0.0,0.0,0.0,0.0,0.0,0.0
Brazil,2007,0.0,0.0,0.0,0.0,0.0,0.0
Brazil,2008,0.0,0.0,0.0,0.0,0.0,0.0
Brazil,2009,0.0,0.0,0.0,0.0,0.0,0.0
Brazil,2010,0.0,0.0,0.0,0.0,0.0,0.0
Brazil,2011,0.0,0.0,0.0,0.0,0.0,0.0
Brazil,2012,0.0,0.0,0.0,0.0,0.0,0.0
Brazil,2013,70.996,997.536,4.633,30.896,284.128,406.969
Brazil,2014,80.805,1018.179,3.714,24.378,300.315,485.401
Brazil,2015,68.375,816.67,4.266,15.26,224.968,385.792
Brazil,2016,115.981,731.963,3.914,15.621,181.397,318.941
Brazil,2017,133.852,873.645,1.28,33.402,245.077,287.794
Brazil,2018,139.965,1165.197,1.631,36.164,270.06,242.018
Brazil,2019,112.962,987.863,4.099,47.802,320.007,188.916
Brazil,2020,139.232,653.589,8.638,45.009,328.755,187.889
Brazil,2021,0.0,0.0,0.0,0.0,0.0,0.0
Canada,2000,64.787,77.604,0.0,98.845,30.768,40.063
Canada,2001,81.793,93.169,0.0,82.785,39.024,35.197
Canada,2002,123.761,85.458,0.0,84.567,46.057,39.014
Canada,2003,124.847,98.493,0.0,71.243,67.082,59.833
Canada,2004,66.381,109.325,47.539,84.528,13.025,40.966
Canada,2005,75.295,131.621,50.763,262.427,12.397,57.317
Canada,2006,94.869,164.292,65.307,259.158,16.426,93.445
Canada,2007,94.282,192.966,44.822,275.841,17.159,81.956
Canada,2008,95.727,204.455,78.945,230.263,25.757,100.038
Canada,2009,152.906,295.275,60.98,361.832,77.167,163.362
Canada,2010,156.979,434.264,57.764,357.098,69.674,162.142
Canada,2011,141.336,416.204,51.416,135.313,88.424,190.387
Canada,2012,135.088,693.051,26.996,105.318,91.54,217.784
Canada,2013,137.12,832.693,17.658,97.337,114.254,129.885
Canada,2014,139.793,366.699,13.503,125.109,141.963,113.827
Canada,2015,146.189,323.982,12.756,171.571,107.32,139.588
Canada,2016,103.771,171.645,21.316,148.306,93.347,117.493
Canada,2017,172.464,226.231,21.235,130.68,92.958,119.346
Canada,2018,314.748,346.246,21.965,130.184,152.703,114.012
Canada,2019,331.46,225.613,17.662,117.595,164.75,119.689
Canada,2020,405.217,190.008,46.197,134.53,163.696,125.951
Canada,2021,395.492,259.52,45.706,186.824,136.444,155.987
Chile,2000,0.0,0.0,0.0,0.0,0.0,0.0
Chile,2001,0.0,0.0,0.0,0.0,0.0,0.0
Chile,2002,0.0,0.0,0.0,0.0,0.0,0.0
Chile,2003,0.0,0.0,0.0,0.0,0.0,0.0
Chile,2004,0.0,0.0,0.0,0.0,0.0,0.0
Chile,2005,0.0,0.0,0.0,0.0,0.0,0.0
Chile,2006,0.0,0.0,0.0,0.0,0.0,0.0
Chile,2007,0.0,0.0,0.0,0.0,0.0,0.0
Chile,2008,0.0,0.0,0.0,0.0,0.0,0.0
Chile,2009,0.0,0.0,0.0,0.0,0.0,0.0
Chile,2010,0.0,0.0,0.0,0.0,0.0,0.0
Chile,2011,0.0,0.0,0.0,0.0,0.0,0.0
Chile,2012,0.0,0.0,0.0,0.0,0.0,0.0
Chile,2013,0.0,0.0,0.0,0.0,0.0,0.0
Chile,2014,0.149,0.0,0.0,0.0,0.0,19.244
Chile,2015,1.296,0.0,0.0,0.0,0.0,11.33
Chile,2016,1.157,0.0,0.0,0.0,0.0,9.165
Chile,2017,1.694,0.0,0.0,0.0,0.0,12.232
Chile,2018,0.322,0.0,4.424,0.0,0.0,9.774
Chile,2019,1.805,0.0,2.364,0.0,0.041,10.059
Chile,2020,0.0,0.0,0.754,0.0,0.0,5.265
Chile,2021,0.0,0.0,1.512,0.0,0.0,2.931
Czech Republic,2000,0.0,0.0,0.0,0.0,0.0,0.0
Czech Republic,2001,0.0,0.0,0.0,0.0,0.0,0.0
Czech Republic,2002,0.0,0.0,0.0,0.0,0.0,0.0
Czech Republic,2003,0.0,9.274,0.0,9.48,0.0,2.031
Czech Republic,2004,0.0,2.577,0.0,10.703,0.0,1.284
Czech Republic,2005,0.0,0.451,0.518,6.298,2.027,3.079
Czech Republic,2006,0.0,0.356,0.515,6.259,2.014,3.905
Czech Republic,2007,0.0,0.141,0.497,3.803,0.0,3.127
Czech Republic,2008,22.314,5.77,0.644,34.641,8.595,13.997
Czech Republic,2009,24.22,4.969,0.565,34.693,9.871,16.688
Czech Republic,2010,11.986,3.3,0.375,32.717,9.609,16.248
Czech Republic,2011,15.324,13.777,2.81,38.676,26.218,26.13
Czech Republic,2012,8.621,11.898,3.494,48.142,26.145,22.053
Czech Republic,2013,5.792,4.841,3.74,54.574,22.486,13.672
Czech Republic,2014,4.136,4.57,1.798,54.524,15.466,13.583
Czech Republic,2015,9.993,15.704,1.466,36.571,16.219,16.947
Czech Republic,2016,10.638,14.146,6.798,80.326,13.024,14.852
Czech Republic,2017,18.155,13.853,13.096,81.589,16.054,15.922
Czech Republic,2018,21.586,17.746,19.463,69.613,19.176,16.405
Czech Republic,2019,31.193,27.64,21.98,90.35,33.025,23.031
Czech Republic,2020,26.297,14.099,8.956,72.614,29.04,21.231
Czech Republic,2021,59.555,17.755,12.131,58.864,24.43,21.617
Denmark,2000,22.333,3.214,0.0,7.708,6.032,28.132
Denmark,2001,17.438,3.047,0.0,6.207,6.548,31.511
Denmark,2002,0.6,0.0,0.0,5.308,5.748,16.044
Denmark,2003,1.819,0.0,0.0,4.537,6.181,15.935
Denmark,2004,6.578,0.0,13.664,4.118,4.268,36.99
Denmark,2005,10.67,13.201,25.602,2.23,0.87,42.48
Denmark,2006,16.16,5.473,29.523,2.803,6.552,45.332
Denmark,2007,19.757,4.043,40.504,3.007,7.989,57.986
Denmark,2008,18.439,3.426,25.727,0.0,7.923,64.406
Denmark,2009,9.639,5.359,22.051,0.0,25.371,76.702
Denmark,2010,34.882,5.877,43.597,3.984,27.396,112.296
Denmark,2011,26.498,5.331,39.512,1.836,38.295,104.726
Denmark,2012,31.52,7.008,33.264,7.107,24.726,85.718
Denmark,2013,45.64,1.445,17.584,3.422,19.68,109.556
Denmark,2014,57.934,2.871,35.402,3.402,20.334,73.431
Denmark,2015,37.736,6.009,18.893,3.41,28.589,91.651
Denmark,2016,25.703,1.103,11.098,3.589,22.315,60.185
Denmark,2017,24.754,3.902,12.548,3.701,23.289,36.738
Denmark,2018,15.241,1.054,12.123,0.0,22.625,53.119
Denmark,2019,31.411,0.125,20.394,0.0,10.677,47.39
Denmark,2020,42.234,8.996,6.66,0.0,21.184,53.787
Denmark,2021,26.236,71.983,38.47,0.0,9.957,51.446
Estonia,2000,0.0,0.0,0.0,0.0,0.0,0.0
Estonia,2001,0.0,0.0,0.0,0.0,0.0,0.0
Estonia,2002,0.0,0.0,0.0,0.0,0.0,0.0
Estonia,2003,0.0,0.0,0.0,0.0,0.0,0.0
Estonia,2004,0.0,0.0,0.0,0.0,0.0,0.0
Estonia,2005,0.0,0.0,0.0,0.0,0.0,0.0
Estonia,2006,0.0,0.0,0.0,0.0,0.0,0.0
Estonia,2007,0.0,0.0,0.0,0.0,0.0,0.0
Estonia,2008,0.0,0.0,0.0,0.0,0.0,0.0
Estonia,2009,0.0,0.0,0.0,0.0,0.0,0.0
Estonia,2010,0.0,0.0,0.0,0.0,0.0,0.0
Estonia,2011,0.0,5.478,2.641,0.0,1.532,12.017
Estonia,2012,1.712,1.023,0.0,0.551,1.473,0.406
Estonia,2013,3.839,1.811,1.608,0.587,3.669,3.509
Estonia,2014,1.183,1.57,1.199,0.333,2.1,2.459
Estonia,2015,5.308,0.493,1.336,0.414,0.19,2.87
Estonia,2016,2.824,0.213,0.486,0.18,1.885,2.56
Estonia,2017,6.024,0.054,0.491,0.104,0.097,0.953
Estonia,2018,4.039,0.104,0.093,0.48,1.315,1.944
Estonia,2019,2.221,2.123,0.394,0.392,1.55,0.941
Estonia,2020,1.8,2.63,0.449,0.035,0.681,0.323
Estonia,2021,0.305,1.061,0.35,0.0,0.729,0.5
European Union,2000,0.0,0.0,0.0,0.0,0.0,0.0
European Union,2001,0.0,0.0,0.0,0.0,0.0,0.0
European Union,2002,0.0,0.0,0.0,0.0,0.0,0.0
European Union,2003,0.0,0.0,0.0,0.0,0.0,0.0
European Union,2004,0.0,0.0,0.0,0.0,0.0,0.0
European Union,2005,0.0,0.0,0.0,0.0,0.0,0.0
European Union,2006,0.0,0.0,0.0,0.0,0.0,0.0
European Union,2007,0.0,0.0,0.0,0.0,0.0,0.0
European Union,2008,0.0,0.0,0.0,0.0,0.0,0.0
European Union,2009,0.0,0.0,0.0,0.0,0.0,0.0
European Union,2010,0.0,0.0,0.0,0.0,0.0,0.0
European Union,2011,0.0,0.0,0.0,0.0,0.0,0.0
European Union,2012,0.0,0.0,0.0,0.0,0.0,0.0
European Union,2013,0.0,0.0,0.0,0.0,0.0,0.0
European Union,2014,500.457,70.173,111.877,239.53,372.079,469.45
European Union,2015,543.877,131.762,154.856,228.257,317.948,609.937
European Union,2016,646.75,39.014,201.81,253.061,306.085,692.681
European Union,2017,753.017,116.778,218.499,249.838,394.804,627.835
European Union,2018,595.995,84.477,178.781,265.155,367.39,671.68
European Union,2019,615.372,75.016,165.951,291.26,572.53,609.784
European Union,2020,869.63,143.888,282.306,301.37,683.967,636.557
European Union,2021,857.798,131.424,129.184,258.602,760.386,546.214
Finland,2000,48.752,6.954,0.0,13.391,22.647,15.54
Finland,2001,43.327,8.398,0.0,12.04,23.48,14.402
Finland,2002,45.934,9.014,0.0,12.442,24.59,16.93
Finland,2003,21.053,5.481,0.0,12.608,16.269,33.323
Finland,2004,49.155,8.08,0.0,15.055,22.448,30.392
Finland,2005,40.777,11.871,0.0,16.605,20.628,20.8
Finland,2006,39.662,7.549,0.0,25.331,26.228,52.374
Finland,2007,108.123,7.939,0.0,18.895,22.707,54.898
Finland,2008,112.897,11.336,0.0,17.633,37.544,55.817
Finland,2009,148.045,10.012,0.0,21.509,31.456,68.364
Finland,2010,247.905,9.075,0.0,24.169,23.332,64.5
Finland,2011,174.84,12.639,0.0,28.949,28.193,87.924
Finland,2012,200.113,10.814,0.0,22.723,30.768,55.585
Finland,2013,166.577,8.126,0.0,21.428,30.526,72.722
Finland,2014,186.74,7.573,0.0,21.262,20.149,46.207
Finland,2015,189.806,9.23,0.0,29.812,17.805,52.314
Finland,2016,144.974,5.213,0.0,22.302,16.3,46.82
Finland,2017,146.852,7.37,0.0,48.053,18.955,52.817
Finland,2018,129.68,5.402,0.0,28.785,14.58,56.197
Finland,2019,121.568,3.553,0.0,29.127,13.148,28.727
Finland,2020,98.566,2.145,0.0,28.917,19.801,24.68
Finland,2021,96.97,1.138,2.532,23.843,16.006,29.644
France,2000,23.091,59.182,0.0,1014.821,1.358,25.477
France,2001,22.481,64.396,0.0,699.21,3.81,34.294
France,2002,151.067,404.574,75.662,1085.906,3.526,87.948
France,2003,145.531,386.095,90.767,1092.598,12.312,77.628
France,2004,156.022,326.669,91.095,1077.618,15.595,90.769
France,2005,173.398,308.775,181.03,1035.947,8.952,120.351
France,2006,217.405,299.765,190.975,985.206,10.24,145.135
France,2007,258.775,285.714,209.095,991.465,41.734,184.083
France,2008,312.919,274.702,203.89,1023.103,84.542,232.453
France,2009,377.521,345.582,177.824,997.241,110.477,373.965
France,2010,371.31,327.179,132.237,944.986,64.99,287.789
France,2011,495.786,208.537,121.936,1049.283,62.65,355.093
France,2012,436.496,197.963,94.505,1167.465,70.004,345.366
France,2013,382.457,203.64,114.789,1167.82,91.504,397.374
France,2014,391.131,193.518,94.218,1067.208,115.636,382.51
France,2015,357.806,183.391,84.062,1024.404,114.233,379.192
France,2016,364.221,122.576,78.464,938.72,93.81,338.846
France,2017,315.843,90.119,75.367,996.968,100.848,275.373
France,2018,364.004,73.724,76.462,1011.347,115.192,276.528
France,2019,306.694,59.439,81.376,1130.928,107.693,270.297
France,2020,446.671,73.871,98.65,1112.843,124.829,285.099
France,2021,355.94,77.652,110.97,1388.228,201.629,298.633
Germany,2000,17.87,18.174,0.0,288.757,41.73,145.192
Germany,2001,46.363,34.379,0.0,248.708,81.92,138.498
Germany,2002,29.972,26.104,0.0,227.011,67.098,145.991
Germany,2003,32.881,15.293,0.0,266.677,63.276,132.478
Germany,2004,38.867,18.613,49.572,264.81,9.353,107.198
Germany,2005,34.693,21.634,41.564,258.191,4.437,171.887
Germany,2006,38.829,24.199,47.928,263.451,6.248,165.784
Germany,2007,44.851,37.273,57.143,261.279,6.1,168.706
Germany,2008,73.503,60.695,43.814,285.143,3.96,215.576
Germany,2009,182.013,57.345,42.727,381.295,33.571,328.705
Germany,2010,228.427,47.142,45.551,360.615,48.844,337.685
Germany,2011,231.352,59.758,48.652,389.869,69.805,428.905
Germany,2012,268.378,47.875,32.74,361.15,63.211,415.017
Germany,2013,310.892,55.337,45.721,369.734,116.883,435.82
Germany,2014,193.931,51.737,37.702,348.194,117.555,318.388
Germany,2015,195.344,51.234,32.425,351.732,144.296,340.091
Germany,2016,167.418,64.342,24.973,342.027,177.011,304.946
Germany,2017,211.985,73.347,34.955,340.003,216.123,376.431
Germany,2018,220.333,72.737,43.145,333.184,174.958,324.693
Germany,2019,316.883,30.007,69.389,335.1,196.902,376.481
Germany,2020,299.506,47.538,90.439,339.219,171.674,364.573
Germany,2021,305.459,47.99,227.786,202.321,185.576,405.191
Greece,2000,1.287,1.131,0.0,2.413,5.581,4.602
Greece,2001,1.343,1.18,0.0,2.515,5.829,6.82
Greece,2002,3.587,1.255,0.0,2.674,6.19,8.012
Greece,2003,0.0,0.0,0.0,0.0,0.0,0.0
Greece,2004,0.0,0.0,0.0,0.0,0.0,0.0
Greece,2005,4.507,1.352,0.0,0.023,4.958,13.071
Greece,2006,3.706,2.398,0.0,0.218,4.579,14.826
Greece,2007,0.0,0.0,0.0,0.0,0.0,0.0
Greece,2008,0.0,0.0,0.0,0.0,0.0,0.0
Greece,2009,0.0,0.0,0.0,0.0,0.0,0.0
Greece,2010,1.204,0.014,1.2,0.0,1.486,4.802
Greece,2011,2.158,1.376,1.012,0.0,0.547,4.182
Greece,2012,0.0,0.0,0.0,0.0,0.0,0.0
Greece,2013,0.0,0.0,0.0,0.0,0.0,0.0
Greece,2014,0.0,0.0,0.0,0.0,0.0,0.0
Greece,2015,0.0,0.0,0.0,0.0,0.0,0.0
Greece,2016,0.0,0.0,0.0,0.0,0.0,0.0
Greece,2017,0.0,0.0,0.0,0.0,0.0,0.0
Greece,2018,0.0,0.0,0.0,0.0,0.0,0.0
Greece,2019,0.0,0.0,0.0,0.0,0.0,0.0
Greece,2020,0.0,0.0,0.0,0.0,0.0,0.0
Greece,2021,0.0,0.0,0.0,0.0,0.0,0.0
Hungary,2000,3.502,1.815,0.0,3.49,0.0,1.655
Hungary,2001,0.517,1.415,0.0,3.418,0.0,3.725
Hungary,2002,0.671,1.309,0.0,3.415,0.0,6.366
Hungary,2003,0.0,0.707,0.0,3.834,0.314,4.643
Hungary,2004,0.0,0.673,0.0,1.379,0.0,9.132
Hungary,2005,106.48,1.312,0.0,1.343,0.0,11.545
Hungary,2006,132.031,1.518,0.0,1.296,0.0,13.096
Hungary,2007,171.75,1.68,0.0,1.229,0.0,13.982
Hungary,2008,251.382,1.6,0.0,1.17,0.0,13.312
Hungary,2009,241.463,1.761,0.0,1.155,0.0,13.92
Hungary,2010,245.631,1.823,0.0,1.126,0.0,13.569
Hungary,2011,253.579,1.789,0.0,1.157,0.0,13.31
Hungary,2012,242.484,1.739,0.0,1.228,0.0,12.431
Hungary,2013,0.108,0.035,0.16,0.385,0.921,1.693
Hungary,2014,7.367,0.0,0.0,0.015,0.073,2.254
Hungary,2015,10.002,0.0,0.019,0.31,1.473,3.16
Hungary,2016,11.284,0.073,0.0,2.145,4.877,9.669
Hungary,2017,121.073,2.235,1.584,0.0,19.705,39.441
Hungary,2018,18.494,0.654,1.797,0.0,4.482,9.077
Hungary,2019,11.254,0.0,3.829,0.04,1.488,0.016
Hungary,2020,17.903,0.0,0.005,1.148,19.386,4.388
Hungary,2021,53.944,1.638,13.006,0.06,65.921,29.535
IEA,2000,2073.1,880.7,0.0,5625.3,829.4,1109.4
IEA,2001,2251.2,1112.3,0.0,5257.1,919.6,1208.7
IEA,2002,2400.8,1888.1,75.7,5921.2,790.7,1364.9
IEA,2003,1891.5,1764.8,90.7,5983.1,795.6,1338.3
IEA,2004,1847.4,1845.0,765.2,5839.6,668.8,1618.1
IEA,2005,2133.8,1992.9,1126.7,6468.0,604.8,1639.6
IEA,2006,2315.2,2146.5,1259.4,6207.1,774.2,1787.1
IEA,2007,2764.3,2322.5,1245.6,6480.2,742.3,2375.7
IEA,2008,3165.6,2534.5,1300.4,6410.1,819.3,2388.2
IEA,2009,5743.8,6776.5,1196.6,6429.2,2043.0,5439.6
IEA,2010,4896.9,3409.0,1120.9,6371.0,1222.6,4675.5
IEA,2011,4205.6,3344.0,965.7,6137.4,1343.7,5397.5
IEA,2012,4274.1,3390.3,701.2,5952.7,1207.6,5544.8
IEA,2013,4350.9,3561.4,717.6,4886.1,1206.0,4991.9
IEA,2014,4426.2,2792.9,679.8,5198.5,1702.3,4322.1
IEA,2015,4125.2,2438.0,628.2,4753.3,1630.5,4022.9
IEA,2016,4537.4,2084.0,593.6,4580.7,1504.3,3658.9
IEA,2017,5051.8,1979.1,637.7,4693.8,1602.0,3372.2
IEA,2018,5884.3,2103.4,770.6,4917.0,1545.1,3705.5
IEA,2019,6379.8,1824.1,972.6,5337.8,1811.9,3916.5
IEA,2020,6860.7,1736.1,1113.2,5534.3,2019.7,3725.3
IEA,2021,7178.3,1971.8,1742.6,6332.1,2179.3,4034.0
IEA Americas,2000,944.0,416.1,0.0,544.3,232.7,383.9
IEA Americas,2001,1010.2,656.4,0.0,555.0,255.0,434.9
IEA Americas,2002,1032.4,752.6,0.0,540.9,273.8,427.8
IEA Americas,2003,728.8,739.6,0.0,642.7,319.6,433.9
IEA Americas,2004,637.7,858.2,272.5,660.4,183.2,407.8
IEA Americas,2005,783.8,992.8,510.1,1349.8,240.3,427.2
IEA Americas,2006,688.8,1030.1,524.8,1186.8,221.9,386.0
IEA Americas,2007,848.7,1119.8,486.8,1432.5,198.4,853.2
IEA Americas,2008,990.2,1359.0,513.0,1533.6,190.5,712.2
IEA Americas,2009,3001.6,5136.6,539.1,1492.3,1312.1,3128.3
IEA Americas,2010,2001.7,1562.9,500.1,1533.7,435.8,1907.9
IEA Americas,2011,1286.0,1619.9,389.5,1725.0,321.6,1706.5
IEA Americas,2012,1364.6,1629.3,178.8,1091.4,222.8,2126.0
IEA Americas,2013,1718.4,1781.8,199.0,1021.5,255.7,1368.2
IEA Americas,2014,1733.3,1211.3,189.9,1206.0,481.3,1326.7
IEA Americas,2015,1621.0,1032.2,164.2,1247.5,409.9,1282.4
IEA Americas,2016,1982.8,1019.0,144.5,1180.5,301.4,1072.1
IEA Americas,2017,2158.5,1088.0,142.4,1185.6,336.0,994.6
IEA Americas,2018,2791.1,1190.2,155.7,1375.6,300.8,1056.4
IEA Americas,2019,2883.2,965.8,154.3,1606.8,570.9,1187.1
IEA Americas,2020,3191.2,890.3,227.5,1733.5,669.1,1227.8
IEA Americas,2021,3148.0,980.0,174.1,2045.9,584.4,1276.6
IEA Asia Oceania,2000,743.7,272.1,0.0,3175.9,242.0,223.3
IEA Asia Oceania,2001,791.2,238.5,0.0,3175.2,270.5,210.4
IEA Asia Oceania,2002,819.6,553.5,0.0,3527.3,137.1,254.5
IEA Asia Oceania,2003,629.6,481.9,0.0,3458.1,106.3,221.6
IEA Asia Oceania,2004,627.6,475.8,309.1,3352.0,172.2,487.5
IEA Asia Oceania,2005,657.6,490.2,317.2,3354.6,114.7,399.4
IEA Asia Oceania,2006,720.7,546.0,342.5,3255.6,207.6,466.5
IEA Asia Oceania,2007,740.1,580.8,312.0,3282.7,221.5,406.9
IEA Asia Oceania,2008,709.4,585.6,370.6,3036.1,240.3,429.0
IEA Asia Oceania,2009,607.5,798.3,271.2,3001.4,286.3,454.2
IEA Asia Oceania,2010,588.7,685.6,227.9,2947.2,306.8,604.7
IEA Asia Oceania,2011,576.0,739.2,199.3,2431.2,266.6,1506.8
IEA Asia Oceania,2012,624.7,917.0,220.2,2653.6,286.5,1451.5
IEA Asia Oceania,2013,707.1,911.3,191.2,1645.0,252.6,1590.4
IEA Asia Oceania,2014,774.3,750.4,192.3,2021.0,294.5,1166.4
IEA Asia Oceania,2015,730.4,677.1,204.2,1438.5,301.0,917.0
IEA Asia Oceania,2016,803.6,427.1,217.5,1387.7,417.7,763.3
IEA Asia Oceania,2017,807.8,276.2,226.5,1403.8,380.5,678.6
IEA Asia Oceania,2018,1099.8,336.9,325.6,1382.0,409.9,819.5
IEA Asia Oceania,2019,1104.0,314.2,433.4,1372.2,374.7,719.9
IEA Asia Oceania,2020,1067.8,307.0,483.6,1300.1,414.3,810.0
IEA Asia Oceania,2021,1143.1,391.7,492.4,1324.2,446.1,825.3
IEA Europe,2000,385.5,192.5,0.0,1905.1,354.6,502.3
IEA Europe,2001,449.7,217.5,0.0,1527.0,394.2,563.3
IEA Europe,2002,548.8,581.9,75.7,1853.0,379.7,682.5
IEA Europe,2003,533.2,543.2,90.7,1882.3,369.6,682.8
IEA Europe,2004,582.2,511.0,183.7,1827.1,313.5,722.8
IEA Europe,2005,692.4,509.9,299.4,1763.6,249.8,813.0
IEA Europe,2006,905.7,570.4,392.1,1764.7,344.7,934.7
IEA Europe,2007,1175.4,621.9,446.8,1765.1,322.3,1115.6
IEA Europe,2008,1466.0,589.9,416.8,1840.5,388.5,1247.0
IEA Europe,2009,2134.7,841.5,386.3,1935.5,444.7,1857.1
IEA Europe,2010,2306.5,1160.5,392.9,1890.2,480.0,2162.9
IEA Europe,2011,2343.6,984.9,377.0,1981.2,755.5,2184.2
IEA Europe,2012,2284.8,844.0,302.2,2207.7,698.3,1967.3
IEA Europe,2013,1925.4,868.3,327.4,2219.7,697.7,2033.3
IEA Europe,2014,1918.7,831.2,297.6,1971.4,926.5,1829.1
IEA Europe,2015,1773.8,728.7,259.9,2067.3,919.7,1823.5
IEA Europe,2016,1751.0,637.9,231.6,2012.5,785.2,1823.5
IEA Europe,2017,2085.4,614.9,268.7,2104.4,885.4,1698.9
IEA Europe,2018,1993.4,576.3,289.3,2159.4,834.4,1829.7
IEA Europe,2019,2392.5,544.1,384.9,2358.8,866.3,2009.5
IEA Europe,2020,2601.7,538.8,402.0,2500.7,936.3,1687.5
IEA Europe,2021,2887.2,600.2,1076.0,2961.9,1148.9,1932.1
Ireland,2000,0.0,0.0,0.0,0.0,0.0,0.0
Ireland,2001,0.0,0.0,0.0,0.0,0.0,0.0
Ireland,2002,4.628,0.34,0.0,0.0,0.806,1.047
Ireland,2003,8.224,0.497,0.0,0.0,0.23,2.618
Ireland,2004,9.307,0.228,0.0,0.215,0.677,4.906
Ireland,2005,7.147,0.604,0.0,1.514,0.942,6.057
Ireland,2006,19.876,0.435,0.0,1.323,3.402,14.468
Ireland,2007,41.334,0.927,0.0,1.181,3.39,14.744
Ireland,2008,40.859,0.559,0.0,0.936,11.487,34.638
Ireland,2009,39.106,0.688,0.0,1.189,17.264,28.793
Ireland,2010,40.618,0.74,1.029,0.0,2.846,16.978
Ireland,2011,3.973,0.116,0.336,0.612,2.631,22.739
Ireland,2012,32.681,0.114,0.175,0.468,5.238,16.659
Ireland,2013,4.758,0.0,0.246,0.444,1.717,26.083
Ireland,2014,3.803,0.0,0.148,0.0,1.482,32.333
Ireland,2015,2.382,0.169,0.067,0.0,20.708,40.717
Ireland,2016,3.154,0.607,0.67,0.0,2.556,15.049
Ireland,2017,3.104,0.27,0.285,0.0,2.611,14.044
Ireland,2018,5.579,1.007,0.151,0.0,1.813,13.208
Ireland,2019,6.426,1.396,0.618,0.0,2.589,17.571
Ireland,2020,5.222,1.317,0.385,0.0,2.662,15.016
Ireland,2021,5.842,1.183,0.828,0.0,3.614,18.032
Italy,2000,54.103,0.0,0.0,250.605,183.152,52.229
Italy,2001,56.95,0.0,0.0,243.745,178.139,86.108
Italy,2002,55.028,29.715,0.0,212.186,172.126,114.457
Italy,2003,50.234,28.858,0.0,193.453,167.16,108.163
Italy,2004,45.802,28.106,0.0,178.002,162.804,105.76
Italy,2005,48.924,27.52,0.0,163.08,134.541,100.906
Italy,2006,123.516,85.942,39.973,175.881,207.859,71.951
Italy,2007,118.992,79.003,53.644,169.71,146.302,104.362
Italy,2008,172.434,64.426,47.372,142.116,123.167,149.696
Italy,2009,261.687,39.253,31.776,158.881,28.038,115.89
Italy,2010,93.152,176.566,46.383,151.124,104.621,183.013
Italy,2011,166.565,170.377,43.425,139.69,176.297,226.735
Italy,2012,164.365,139.991,28.014,172.317,182.448,231.634
Italy,2013,130.636,191.22,22.707,172.514,148.173,203.584
Italy,2014,129.056,169.629,17.257,138.658,287.19,160.61
Italy,2015,116.6,147.466,32.114,135.301,175.613,136.888
Italy,2016,113.557,149.743,16.572,150.805,88.711,143.969
Italy,2017,114.661,151.222,16.732,152.263,89.583,145.37
Italy,2018,118.978,154.718,17.464,158.721,92.052,150.641
Italy,2019,180.133,183.772,16.313,139.45,69.166,169.849
Italy,2020,167.057,133.293,34.265,160.412,88.388,164.58
Italy,2021,0.0,0.0,0.0,0.0,0.0,0.0
Japan,2000,694.886,129.072,0.0,3123.004,196.908,182.849
Japan,2001,737.953,91.922,0.0,3118.08,225.87,165.979
Japan,2002,764.431,414.439,0.0,3470.177,91.443,209.964
Japan,2003,571.8,353.34,0.0,3395.202,47.331,171.657
Japan,2004,526.102,395.521,257.082,2934.914,88.509,372.371
Japan,2005,553.153,414.765,271.804,2985.094,81.372,277.825
Japan,2006,569.019,456.285,272.235,2856.29,133.406,302.469
Japan,2007,550.993,391.392,238.62,2871.922,157.224,227.144
Japan,2008,521.329,421.032,246.522,2904.497,137.613,222.972
Japan,2009,414.623,384.785,177.893,2873.156,148.207,144.463
Japan,2010,310.235,351.511,141.272,2807.025,165.532,236.002
Japan,2011,343.191,396.115,119.254,2245.084,141.407,1086.544
Japan,2012,379.063,423.804,161.492,2461.719,118.665,942.393
Japan,2013,478.426,463.455,133.468,1475.095,60.451,877.595
Japan,2014,579.425,465.954,142.06,1858.729,100.268,830.41
Japan,2015,533.985,465.625,156.49,1294.267,100.25,562.432
Japan,2016,607.416,299.372,156.596,1258.024,225.797,475.785
Japan,2017,561.295,134.028,164.406,1290.7,211.063,403.305
Japan,2018,848.848,208.333,242.583,1281.788,225.667,541.903
Japan,2019,877.642,184.784,341.755,1265.921,180.116,389.969
Japan,2020,860.099,165.38,361.004,1167.667,243.006,477.262
Japan,2021,880.503,169.362,282.82,1185.579,269.167,506.842
Korea,2000,0.0,0.0,0.0,0.0,0.0,0.0
Korea,2001,0.0,0.0,0.0,0.0,0.0,0.0
Korea,2002,38.103,25.648,0.0,56.3,35.755,22.323
Korea,2003,0.0,26.611,0.0,64.596,51.692,26.778
Korea,2004,43.418,14.776,49.235,384.392,72.434,66.18
Korea,2005,67.204,13.457,43.138,348.272,20.129,85.466
Korea,2006,118.161,17.498,68.228,382.424,56.293,119.049
Korea,2007,153.331,111.572,70.9,396.155,46.342,125.063
Korea,2008,146.458,92.45,122.484,108.166,85.52,146.466
Korea,2009,155.596,131.743,90.92,126.304,116.734,211.352
Korea,2010,160.867,130.712,83.173,138.158,123.61,265.637
Korea,2011,147.512,115.075,76.17,181.927,114.53,237.842
Korea,2012,183.5,151.869,56.803,182.554,151.122,279.295
Korea,2013,167.294,170.059,56.196,162.729,170.284,267.272
Korea,2014,167.872,149.754,46.847,156.07,183.788,245.444
Korea,2015,169.207,150.107,44.016,136.318,184.747,218.841
Korea,2016,175.726,88.735,57.554,114.28,174.46,234.661
Korea,2017,217.055,80.385,57.234,103.844,153.429,213.442
Korea,2018,217.662,68.854,56.959,92.741,168.049,216.238
Korea,2019,186.701,73.904,52.289,98.283,164.023,260.974
Korea,2020,182.485,103.117,86.466,124.473,153.489,293.416
Korea,2021,227.3,187.396,149.212,127.468,131.103,265.998
Lithuania,2000,0.0,0.0,0.0,0.0,0.0,0.0
Lithuania,2001,0.0,0.0,0.0,0.0,0.0,0.0
Lithuania,2002,0.0,0.0,0.0,0.0,0.0,0.0
Lithuania,2003,0.0,0.0,0.0,0.0,0.0,0.0
Lithuania,2004,0.0,0.0,0.0,0.0,0.0,0.0
Lithuania,2005,0.0,0.0,0.0,0.0,0.0,0.0
Lithuania,2006,0.0,0.0,0.0,0.0,0.0,0.0
Lithuania,2007,0.0,0.0,0.0,0.0,0.0,0.0
Lithuania,2008,0.0,0.0,0.0,0.0,0.0,0.0
Lithuania,2009,0.0,0.0,0.0,0.0,0.0,0.0
Lithuania,2010,0.0,0.0,0.0,0.0,0.0,0.0
Lithuania,2011,0.0,0.0,0.0,0.0,0.0,0.0
Lithuania,2012,0.0,0.0,0.0,0.0,0.0,0.0
Lithuania,2013,0.0,0.0,0.0,0.0,0.0,0.0
Lithuania,2014,0.0,0.0,0.0,0.0,0.0,0.0
Lithuania,2015,0.0,0.0,0.0,0.0,0.0,0.0
Lithuania,2016,0.0,0.0,0.0,0.0,0.0,0.0
Lithuania,2017,0.0,0.0,0.0,0.0,0.0,0.0
Lithuania,2018,0.0,0.0,0.0,0.0,0.0,0.0
Lithuania,2019,4.056,0.479,0.579,6.389,6.306,5.817
Lithuania,2020,2.751,0.657,0.978,6.341,8.166,6.262
Lithuania,2021,2.782,0.793,1.787,3.191,5.118,5.843
Luxembourg,2000,0.0,0.0,0.0,0.0,0.011,0.789
Luxembourg,2001,0.0,0.0,0.0,0.0,0.0,0.0
Luxembourg,2002,0.0,0.0,0.0,0.0,0.0,0.0
Luxembourg,2003,0.0,0.0,0.0,0.0,0.0,0.0
Luxembourg,2004,0.0,0.0,0.0,0.0,0.0,0.0
Luxembourg,2005,0.0,0.0,0.0,0.0,0.0,0.0
Luxembourg,2006,0.0,0.0,0.0,0.0,0.0,0.0
Luxembourg,2007,0.0,0.0,0.0,0.0,0.0,0.0
Luxembourg,2008,0.0,0.0,0.0,0.0,0.0,0.0
Luxembourg,2009,0.0,0.0,0.0,0.0,0.0,0.0
Luxembourg,2010,0.0,0.0,0.0,0.0,0.0,0.0
Luxembourg,2011,37.571,0.0,0.0,0.0,0.0,1.099
Luxembourg,2012,88.167,0.029,4.532,0.0,6.244,5.841
Luxembourg,2013,0.0,0.0,0.0,0.0,0.0,0.0
Luxembourg,2014,0.0,0.0,0.0,0.0,0.0,0.0
Luxembourg,2015,0.0,0.0,0.0,0.0,0.0,0.0
Luxembourg,2016,0.0,0.0,0.0,0.0,0.0,0.0
Luxembourg,2017,0.0,0.0,0.0,0.0,0.0,0.0
Luxembourg,2018,0.0,0.0,0.0,0.0,0.0,0.0
Luxembourg,2019,0.0,0.0,0.0,0.0,0.0,0.0
Luxembourg,2020,0.0,0.0,0.0,0.0,0.0,0.0
Luxembourg,2021,0.0,0.0,0.0,0.0,0.0,0.0
Mexico,2000,0.0,0.0,0.0,0.0,0.0,0.0
Mexico,2001,0.0,0.0,0.0,0.0,0.0,0.0
Mexico,2002,0.0,0.0,0.0,0.0,0.0,0.0
Mexico,2003,0.0,0.0,0.0,0.0,0.0,0.0
Mexico,2004,0.0,0.0,0.0,0.0,0.0,0.0
Mexico,2005,0.0,0.0,0.0,0.0,0.0,0.0
Mexico,2006,0.0,0.0,0.0,0.0,0.0,0.0
Mexico,2007,0.0,0.0,0.0,0.0,0.0,0.0
Mexico,2008,0.0,0.0,0.0,0.0,0.0,0.0
Mexico,2009,0.0,0.0,0.0,0.0,0.0,0.0
Mexico,2010,0.0,0.0,0.0,0.0,0.0,0.0
Mexico,2011,0.0,0.0,0.0,0.0,0.0,0.0
Mexico,2012,0.0,0.0,0.0,0.0,0.0,0.0
Mexico,2013,0.29,520.155,1.055,0.0,1.71,9.943
Mexico,2014,0.402,326.531,0.0,3.589,0.437,102.668
Mexico,2015,0.802,203.735,0.266,4.3,0.012,48.016
Mexico,2016,8.284,248.692,1.602,1.452,2.201,87.056
Mexico,2017,9.522,285.077,1.835,0.179,2.095,79.899
Mexico,2018,10.687,164.642,1.1,0.613,0.825,71.238
Mexico,2019,1.243,72.629,0.657,0.115,11.213,15.21
Mexico,2020,2.002,29.907,0.163,0.379,30.749,21.238
Mexico,2021,1.988,29.468,0.081,0.0,0.108,9.315
Netherlands,2000,76.713,17.015,0.0,44.671,18.397,60.39
Netherlands,2001,107.893,14.885,0.0,41.075,16.593,78.205
Netherlands,2002,77.893,33.512,0.0,33.041,17.655,80.575
Netherlands,2003,53.436,23.532,0.0,33.269,19.05,87.158
Netherlands,2004,0.0,0.0,0.0,0.0,0.0,0.0
Netherlands,2005,62.278,23.485,12.351,25.572,7.48,69.236
Netherlands,2006,69.292,21.399,11.549,26.324,11.039,78.294
Netherlands,2007,99.518,71.06,11.816,32.618,12.648,110.834
Netherlands,2008,70.387,22.977,13.754,27.184,14.725,76.212
Netherlands,2009,139.428,30.93,18.299,20.08,18.947,98.296
Netherlands,2010,232.324,50.252,7.14,28.812,6.039,222.388
Netherlands,2011,76.454,14.722,0.0,21.765,27.762,85.666
Netherlands,2012,74.598,21.438,0.0,16.398,29.943,145.135
Netherlands,2013,79.434,19.275,2.334,12.675,24.311,139.748
Netherlands,2014,57.881,5.731,0.042,12.667,28.608,99.352
Netherlands,2015,65.085,20.803,1.547,10.209,24.462,154.534
Netherlands,2016,92.619,11.43,1.413,9.691,15.25,128.577
Netherlands,2017,92.603,19.154,28.869,9.496,31.581,113.449
Netherlands,2018,91.64,40.228,12.628,9.625,19.912,155.866
Netherlands,2019,186.565,12.295,20.647,10.059,32.431,117.212
Netherlands,2020,211.761,10.404,21.011,9.882,32.211,62.643
Netherlands,2021,321.391,14.498,84.776,10.563,37.434,73.18
New Zealand,2000,1.218,2.118,0.0,0.0,1.355,2.454
New Zealand,2001,0.793,4.105,0.0,0.0,1.059,4.331
New Zealand,2002,0.969,5.843,0.0,0.0,1.178,3.115
New Zealand,2003,1.819,4.787,0.0,0.0,0.0,4.372
New Zealand,2004,2.859,3.904,2.631,0.0,0.269,4.798
New Zealand,2005,2.812,3.895,2.477,0.0,0.264,4.718
New Zealand,2006,2.065,4.618,1.993,0.0,4.104,4.509
New Zealand,2007,1.624,6.408,1.901,0.0,4.171,5.739
New Zealand,2008,1.54,6.075,1.339,0.0,3.993,17.41
New Zealand,2009,1.127,5.702,1.312,0.0,5.583,16.876
New Zealand,2010,1.107,5.649,1.289,0.0,5.485,16.402
New Zealand,2011,1.185,5.054,1.739,0.0,0.559,14.61
New Zealand,2012,1.188,4.884,1.743,0.0,0.56,10.995
New Zealand,2013,1.388,4.261,0.0,0.0,1.598,11.801
New Zealand,2014,2.112,4.192,0.0,0.0,1.409,11.519
New Zealand,2015,2.223,6.919,0.115,0.0,1.699,7.858
New Zealand,2016,2.186,3.41,0.0,0.0,1.671,5.588
New Zealand,2017,6.199,6.859,0.0,0.0,2.118,6.159
New Zealand,2018,6.944,3.48,0.452,0.0,0.0,8.627
New Zealand,2019,3.902,3.176,1.154,0.0,0.311,10.82
New Zealand,2020,1.838,1.258,1.226,0.0,1.508,7.924
New Zealand,2021,1.396,1.198,1.432,0.0,1.991,7.434
Norway,2000,2.581,39.706,0.0,12.11,8.934,8.576
Norway,2001,2.342,36.804,0.0,11.709,4.352,6.693
Norway,2002,2.99,29.488,0.0,11.882,6.119,6.377
Norway,2003,3.179,35.389,0.0,11.559,5.818,5.645
Norway,2004,2.693,52.335,4.149,12.374,3.53,6.187
Norway,2005,3.63,53.001,10.103,11.544,3.98,5.786
Norway,2006,2.892,67.089,10.566,10.766,3.691,6.783
Norway,2007,4.949,72.521,10.492,10.752,5.816,12.525
Norway,2008,4.48,65.374,6.836,10.197,1.824,13.989
Norway,2009,18.347,203.079,13.248,11.328,14.293,79.698
Norway,2010,25.706,305.169,13.768,10.967,16.131,97.51
Norway,2011,24.208,261.969,12.963,10.888,14.576,73.016
Norway,2012,26.021,216.701,6.968,10.661,14.018,70.542
Norway,2013,51.748,140.091,5.639,10.584,15.415,56.508
Norway,2014,225.903,126.353,5.685,10.737,14.316,61.911
Norway,2015,178.038,126.113,6.504,12.57,20.675,72.007
Norway,2016,86.717,161.485,8.0,12.774,19.178,67.129
Norway,2017,138.846,131.384,6.011,12.274,18.068,64.724
Norway,2018,88.09,117.891,8.62,11.495,30.547,68.021
Norway,2019,173.753,111.127,6.54,2.321,51.52,317.87
Norway,2020,165.346,117.074,7.232,2.3,30.331,81.151
Norway,2021,91.369,102.606,127.239,0.982,33.575,90.498
Poland,2000,0.0,0.0,0.0,0.0,0.0,0.0
Poland,2001,0.0,0.0,0.0,0.0,0.0,0.0
Poland,2002,0.0,0.0,0.0,0.0,0.0,0.0
Poland,2003,0.0,0.0,0.0,0.0,0.0,0.0
Poland,2004,0.0,0.0,0.0,0.0,0.0,0.0
Poland,2005,0.0,0.0,0.0,0.0,0.0,0.0
Poland,2006,0.0,0.0,0.0,0.0,0.0,0.0
Poland,2007,0.0,0.0,0.0,0.0,0.0,0.0
Poland,2008,0.931,2.787,1.763,3.314,0.123,1.607
Poland,2009,102.869,54.402,7.927,7.8,33.438,66.056
Poland,2010,148.643,92.949,5.426,13.834,52.082,66.958
Poland,2011,142.061,121.113,17.289,16.478,60.41,79.004
Poland,2012,97.267,70.762,16.341,19.618,39.727,44.978
Poland,2013,67.635,129.484,16.69,18.526,38.357,34.27
Poland,2014,57.022,80.943,5.389,43.467,44.781,43.457
Poland,2015,22.544,71.092,1.911,39.597,43.999,47.36
Poland,2016,22.007,31.299,2.156,17.09,19.702,34.995
Poland,2017,21.106,32.056,1.791,12.138,16.265,38.411
Poland,2018,27.542,25.395,1.569,10.869,13.135,39.488
Poland,2019,36.48,19.874,3.705,15.524,24.654,36.599
Poland,2020,48.791,26.203,4.817,22.565,40.967,31.409
Poland,2021,48.503,20.574,12.673,15.711,34.454,38.956
Portugal,2000,0.587,0.927,0.0,0.0,0.043,2.197
Portugal,2001,0.896,0.459,0.0,0.0,0.17,1.099
Portugal,2002,0.266,1.705,0.0,0.0,0.021,3.336
Portugal,2003,0.235,0.668,0.0,5.161,0.0,0.655
Portugal,2004,2.805,1.56,0.0,0.0,0.0,3.117
Portugal,2005,1.525,0.926,0.149,1.583,0.0,1.255
Portugal,2006,0.012,0.052,0.0,2.111,0.024,0.851
Portugal,2007,0.08,0.184,0.119,2.218,0.034,1.825
Portugal,2008,0.159,0.146,0.061,2.254,0.0,0.602
Portugal,2009,0.425,0.267,0.091,5.181,0.0,1.92
Portugal,2010,0.372,0.791,0.388,0.12,0.374,1.538
Portugal,2011,0.834,0.118,0.0,0.0,0.723,0.7
Portugal,2012,1.597,0.319,0.065,0.0,0.608,3.315
Portugal,2013,4.619,1.306,1.315,0.044,0.007,11.664
Portugal,2014,4.512,1.142,1.252,0.0,0.045,10.851
Portugal,2015,3.808,1.069,1.076,0.0,0.045,9.459
Portugal,2016,0.0,0.0,0.0,0.0,0.0,0.0
Portugal,2017,0.0,0.0,0.0,0.0,0.0,0.0
Portugal,2018,0.0,0.0,0.0,0.0,0.0,0.0
Portugal,2019,40.335,1.735,7.51,7.999,9.277,21.996
Portugal,2020,44.649,1.179,6.319,6.837,12.365,26.58
Portugal,2021,51.331,3.099,8.515,6.418,13.868,27.925
Republic of Türkiye,2000,1.939,2.162,0.0,0.63,4.69,5.07
Republic of Türkiye,2001,6.171,2.797,0.0,0.758,3.123,2.004
Republic of Türkiye,2002,1.404,1.449,0.0,0.115,4.242,4.142
Republic of Türkiye,2003,1.313,3.883,0.0,1.149,2.784,2.529
Republic of Türkiye,2004,0.589,0.508,0.153,0.0,0.109,1.555
Republic of Türkiye,2005,1.157,1.177,2.032,0.0,0.13,3.178
Republic of Türkiye,2006,0.806,1.587,4.961,1.726,0.238,4.28
Republic of Türkiye,2007,3.81,3.815,7.618,0.0,0.582,3.134
Republic of Türkiye,2008,0.902,6.492,3.092,0.153,0.652,4.084
Republic of Türkiye,2009,0.823,7.668,3.768,0.0,1.127,5.505
Republic of Türkiye,2010,0.0,0.0,0.0,0.0,0.0,0.0
Republic of Türkiye,2011,0.0,0.0,0.0,0.0,0.0,0.0
Republic of Türkiye,2012,0.0,0.0,0.0,0.0,0.0,0.0
Republic of Türkiye,2013,0.0,0.0,0.0,0.0,0.0,0.0
Republic of Türkiye,2014,40.027,24.597,10.135,0.0,37.969,42.097
Republic of Türkiye,2015,35.438,21.063,6.142,1.092,47.959,31.626
Republic of Türkiye,2016,77.97,10.325,11.391,0.396,24.077,83.085
Republic of Türkiye,2017,116.831,11.287,10.811,0.411,27.519,69.892
Republic of Türkiye,2018,65.857,14.814,10.433,0.386,34.505,87.602
Republic of Türkiye,2019,139.817,26.431,7.636,1.712,31.253,43.549
Republic of Türkiye,2020,43.626,6.086,5.921,1.832,23.4,34.516
Republic of Türkiye,2021,42.808,7.76,5.586,1.792,18.085,45.325
Slovak Republic,2000,0.0,0.0,0.0,0.0,0.0,0.0
Slovak Republic,2001,0.0,0.0,0.0,0.0,0.0,0.0
Slovak Republic,2002,0.248,0.0,0.0,0.163,0.018,0.0
Slovak Republic,2003,0.514,0.0,0.0,0.149,0.014,0.014
Slovak Republic,2004,0.46,0.0,0.0,0.122,0.0,0.011
Slovak Republic,2005,0.0,0.0,0.0,0.0,0.0,0.0
Slovak Republic,2006,0.0,0.0,0.0,0.0,0.0,0.0
Slovak Republic,2007,0.0,0.0,0.0,0.0,0.0,0.0
Slovak Republic,2008,2.309,2.862,2.966,13.302,0.505,8.803
Slovak Republic,2009,3.054,3.255,3.176,13.648,0.587,10.804
Slovak Republic,2010,3.358,4.045,3.324,13.746,0.663,12.538
Slovak Republic,2011,1.432,2.72,0.0,11.795,10.368,33.654
Slovak Republic,2012,1.38,0.659,0.0,14.188,10.298,30.76
Slovak Republic,2013,3.365,0.325,0.189,8.441,5.579,32.317
Slovak Republic,2014,10.332,0.118,0.0,5.206,0.057,29.714
Slovak Republic,2015,1.31,0.021,0.04,0.725,1.018,2.766
Slovak Republic,2016,2.21,0.0,0.128,2.237,2.203,23.657
Slovak Republic,2017,2.51,0.031,0.021,0.416,0.965,0.787
Slovak Republic,2018,6.022,0.053,0.184,0.755,0.649,2.093
Slovak Republic,2019,5.573,0.0,0.034,0.891,0.85,1.621
Slovak Republic,2020,13.172,0.011,0.171,4.855,0.531,0.961
Slovak Republic,2021,16.345,0.017,0.176,0.09,0.365,0.678
Spain,2000,10.404,7.996,0.0,61.718,3.948,41.192
Spain,2001,5.787,10.7,0.0,60.576,2.16,38.602
Spain,2002,4.656,5.949,0.0,57.475,0.0,37.912
Spain,2003,9.267,6.652,0.0,57.123,1.129,46.731
Spain,2004,5.246,11.531,0.0,28.655,0.0,47.828
Spain,2005,6.549,9.978,0.0,33.239,0.0,51.967
Spain,2006,10.893,5.518,4.528,36.339,0.0,56.757
Spain,2007,15.286,7.608,7.543,47.265,8.911,58.79
Spain,2008,18.375,9.691,12.265,46.274,9.291,70.158
Spain,2009,31.793,12.43,8.37,51.305,18.451,145.336
Spain,2010,49.073,0.0,20.869,0.0,26.72,160.107
Spain,2011,93.834,0.0,14.904,1.913,116.157,273.864
Spain,2012,62.691,12.489,12.781,48.583,23.991,147.864
Spain,2013,13.863,3.333,2.037,42.043,0.0,72.542
Spain,2014,32.828,8.076,8.063,3.726,22.693,107.129
Spain,2015,18.648,19.664,11.402,4.914,48.183,101.397
Spain,2016,18.887,2.276,4.425,18.26,36.546,80.396
Spain,2017,23.702,0.0,2.803,0.39,3.747,49.325
Spain,2018,23.249,1.787,8.195,1.685,32.718,118.43
Spain,2019,39.526,4.874,18.753,2.59,20.147,96.31
Spain,2020,11.664,2.296,15.404,14.083,22.587,83.866
Spain,2021,342.612,14.897,243.683,193.837,137.539,153.138
Sweden,2000,41.876,0.275,0.0,8.141,12.089,39.024
Sweden,2001,53.966,0.222,0.0,7.831,14.58,41.926
Sweden,2002,67.547,0.158,0.0,8.525,15.28,39.425
Sweden,2003,69.542,0.199,0.0,8.428,18.401,32.309
Sweden,2004,47.866,0.135,4.022,8.445,18.211,53.209
Sweden,2005,29.783,0.138,3.674,8.384,10.3,21.105
Sweden,2006,42.381,0.181,3.166,8.245,9.548,50.082
Sweden,2007,55.849,0.108,2.809,6.796,9.014,43.106
Sweden,2008,52.982,0.093,4.281,9.166,9.802,46.329
Sweden,2009,92.621,0.182,3.883,11.422,14.244,74.691
Sweden,2010,74.89,0.0,3.067,9.758,14.554,102.254
Sweden,2011,71.625,1.264,2.841,4.893,15.095,77.038
Sweden,2012,82.964,1.812,4.242,4.404,17.099,54.553
Sweden,2013,87.594,1.998,4.098,3.529,20.692,73.216
Sweden,2014,85.589,2.064,4.357,3.669,18.445,84.285
Sweden,2015,60.646,0.797,1.813,0.772,23.465,52.714
Sweden,2016,91.644,0.74,1.295,1.53,18.693,60.736
Sweden,2017,101.068,0.0,0.0,0.0,19.653,36.275
Sweden,2018,132.871,0.735,2.383,2.204,21.485,52.825
Sweden,2019,96.306,2.11,1.042,1.16,15.854,50.63
Sweden,2020,138.418,8.583,3.574,3.083,19.307,56.979
Sweden,2021,173.951,8.535,4.237,1.898,20.948,57.74
Switzerland,2000,26.688,11.424,0.0,56.521,28.679,42.395
Switzerland,2001,27.688,11.706,0.0,54.182,33.155,41.132
Switzerland,2002,25.491,16.256,0.0,57.014,31.635,44.339
Switzerland,2003,26.62,15.396,0.0,56.725,29.017,46.527
Switzerland,2004,23.722,13.064,9.955,50.55,21.659,38.157
Switzerland,2005,23.921,11.494,9.765,49.587,20.518,35.057
Switzerland,2006,24.664,13.287,15.064,51.514,17.609,32.914
Switzerland,2007,24.949,17.442,13.875,51.712,16.347,33.234
Switzerland,2008,29.465,13.416,16.49,55.141,22.26,44.547
Switzerland,2009,33.686,14.948,16.543,52.968,23.038,53.225
Switzerland,2010,37.202,10.622,15.866,49.433,14.016,49.365
Switzerland,2011,47.772,9.385,24.855,48.493,15.192,63.05
Switzerland,2012,56.468,10.209,24.368,50.588,15.655,63.951
Switzerland,2013,65.08,9.807,27.065,46.493,13.375,61.129
Switzerland,2014,71.076,14.772,29.99,42.589,39.555,85.114
Switzerland,2015,93.037,12.745,27.058,57.936,37.812,85.721
Switzerland,2016,99.954,9.65,29.024,56.526,55.141,108.873
Switzerland,2017,97.849,11.91,29.047,55.138,58.184,115.657
Switzerland,2018,88.641,9.548,24.594,53.582,55.511,121.275
Switzerland,2019,83.295,11.008,25.516,57.417,65.786,113.282
Switzerland,2020,84.818,9.567,24.633,58.64,64.039,108.417
Switzerland,2021,74.909,13.578,18.436,51.466,46.541,93.803
United Kingdom,2000,3.548,10.977,0.0,42.088,4.197,10.863
United Kingdom,2001,0.0,14.164,0.0,35.538,3.887,14.818
United Kingdom,2002,0.0,9.176,0.0,37.036,10.209,24.928
United Kingdom,2003,0.0,6.873,0.0,37.501,6.948,26.864
United Kingdom,2004,0.0,11.358,6.067,40.515,7.361,44.378
United Kingdom,2005,0.0,14.317,5.281,47.828,8.902,80.028
United Kingdom,2006,7.36,19.888,15.231,60.534,13.901,105.255
United Kingdom,2007,17.782,16.865,18.927,55.123,12.603,153.144
United Kingdom,2008,46.973,27.937,21.88,76.192,19.081,93.076
United Kingdom,2009,167.812,38.088,24.034,69.0,29.52,177.405
United Kingdom,2010,336.728,106.622,38.521,136.193,24.476,325.851
United Kingdom,2011,285.039,79.806,31.781,86.042,31.286,112.093
United Kingdom,2012,171.287,67.337,25.596,118.08,37.244,110.592
United Kingdom,2013,215.984,66.122,40.741,106.045,46.242,164.213
United Kingdom,2014,113.489,130.605,22.42,100.368,53.746,125.901
United Kingdom,2015,141.429,29.85,23.433,224.548,69.94,125.298
United Kingdom,2016,186.627,47.279,23.723,207.129,97.593,216.317
United Kingdom,2017,305.3,58.482,18.573,272.983,124.121,176.157
United Kingdom,2018,338.787,33.385,30.42,341.941,104.636,215.007
United Kingdom,2019,325.845,41.107,50.76,382.759,94.504,190.553
United Kingdom,2020,410.817,62.965,49.605,487.604,126.453,193.18
United Kingdom,2021,424.193,37.075,49.405,672.934,92.711,256.01
United States,2000,878.581,338.253,0.0,445.187,201.849,343.578
United States,2001,927.396,562.565,0.0,471.666,215.694,399.289
United States,2002,907.637,666.394,0.0,455.871,227.536,388.381
United States,2003,603.29,640.376,0.0,570.816,252.237,373.629
United States,2004,570.291,646.375,224.39,574.933,169.556,364.271
United States,2005,707.074,584.774,457.984,1085.439,226.602,363.948
United States,2006,592.673,582.601,458.014,925.972,204.166,286.61
United States,2007,752.886,620.969,440.527,1154.575,179.934,763.982
United States,2008,892.799,762.107,432.545,1301.238,163.237,603.738
United States,2009,2843.669,4494.443,476.622,1128.631,1231.721,2953.453
United States,2010,1841.516,608.547,440.535,1174.76,363.805,1733.036
United States,2011,1143.16,654.458,336.603,1587.993,231.162,1504.06
United States,2012,1227.682,399.383,150.492,984.792,129.315,1895.544
United States,2013,1579.646,431.902,180.123,923.351,139.674,1227.355
United States,2014,1591.494,519.833,176.185,1076.251,338.562,1109.768
United States,2015,1472.61,504.563,150.999,1070.608,302.225,1093.863
United States,2016,1868.364,597.518,121.46,1029.452,205.57,866.341
United States,2017,1974.924,576.251,119.254,1053.926,240.804,794.754
United States,2018,2464.632,678.637,132.597,1244.294,147.265,870.584
United States,2019,2549.316,666.958,135.924,1488.371,394.698,1051.688
United States,2020,2783.658,670.056,181.172,1598.394,474.293,1080.309
United States,2021,2751.49,691.238,128.406,1859.747,448.005,1111.676
