Country,Year,Amount (2020 USD million)
Afghanistan,2000,0.023563984780995622
Afghanistan,2001,0.1265253199236534
Afghanistan,2002,15.661199280285967
Afghanistan,2003,26.062467291169895
Afghanistan,2004,60.08960630766435
Afghanistan,2005,82.39192513814895
Afghanistan,2006,10.622261664432564
Afghanistan,2007,15.752961787323368
Afghanistan,2008,16.170129251066502
Afghanistan,2009,9.96302181526869
Afghanistan,2010,44.5799050075035
Afghanistan,2011,28.689310189703857
Afghanistan,2012,62.84328727650918
Afghanistan,2013,268.5614113133714
Afghanistan,2014,7.780066940038321
Afghanistan,2015,4.89188082351208
Afghanistan,2016,0.8628262732341663
Afghanistan,2017,50.3301586503876
Afghanistan,2018,70.097424248771
Afghanistan,2019,4.617439
Afghanistan,2020,48.91361542445167
Albania,2000,0.15031994892875683
Albania,2001,335.62779561833685
Albania,2002,24.59551531594307
Albania,2003,0.18245033653202353
Albania,2004,18.441372304740273
Albania,2005,34.90411267202012
Albania,2007,1.532472069264785
Albania,2008,0.0540060998774191
Albania,2009,0.3308370340100419
Albania,2010,6.793639016392657
Albania,2011,0.2953053299033177
Albania,2012,9.351912043961425
Albania,2013,69.94767822534294
Albania,2014,0.012063380240276858
Albania,2015,24.253350287914554
Albania,2016,136.0022908910503
Albania,2017,0.11862595293904704
Albania,2018,0.07497196658847585
Albania,2019,3.6478360000000003
Algeria,2001,0.8144270294311649
Algeria,2002,0.30610580382282937
Algeria,2003,0.08944725809172792
Algeria,2004,0.1383812281919763
Algeria,2005,0.15992492287798676
Algeria,2006,0.008559328214718385
Algeria,2008,0.4286518722394521
Algeria,2009,2.186857474047005
Algeria,2010,0.49973258696275896
Algeria,2011,0.0015028465922531733
Algeria,2012,0.9441998319539561
Algeria,2013,0.9504625168382024
Algeria,2014,1.4892688327480794
Algeria,2015,2.1001989994193724
Algeria,2016,0.15860071573429155
Algeria,2017,0.28700147512697904
Algeria,2018,0.046597933481820786
Algeria,2019,0.079022
Algeria,2020,0.000801158688847744
Angola,2003,0.04628371785203696
Angola,2004,0.07650628820478454
Angola,2006,1.6245273855601334
Angola,2007,0.7609083652081936
Angola,2010,0.312220350075774
Angola,2011,0.2240131819426988
Angola,2012,0.01183686608136612
Angola,2013,1314.902372653911
Angola,2014,1976.0561680439757
Angola,2015,0.014832365850621872
Angola,2016,7344.560426606591
Angola,2018,0.125187232225306
Angola,2019,0.055535
Anguilla,2010,0.04852159231258195
Antigua and Barbuda,2013,2.581284013332111
Antigua and Barbuda,2015,6.973829293280053
Antigua and Barbuda,2017,19.55474715036899
Antigua and Barbuda,2020,6.370792630732448
Argentina,2001,117.48917565180447
Argentina,2003,0.04986486049109869
Argentina,2004,81.83341892039888
Argentina,2005,0.2799656678393767
Argentina,2006,0.43678114258733236
Argentina,2007,2.6681244840545797
Argentina,2008,46.51428328338931
Argentina,2009,39.82102827380016
Argentina,2010,3.707459304878001
Argentina,2011,69.41069742039616
Argentina,2012,256.2306255208846
Argentina,2013,47.81918916217065
Argentina,2014,2472.8596024579197
Argentina,2015,110.23805865968825
Argentina,2016,250.16444431639226
Argentina,2017,503.74205251047664
Argentina,2018,492.72167851678023
Argentina,2019,474.50959944493417
Argentina,2020,5.810334291705999
Armenia,2001,18.219592191039993
Armenia,2002,7.516064997856526
Armenia,2003,6.244666454816314
Armenia,2004,12.749375069968798
Armenia,2005,147.7838654924245
Armenia,2006,22.472104565103244
Armenia,2007,10.907404781191108
Armenia,2008,19.2077093346152
Armenia,2009,15.948201106427279
Armenia,2010,93.9050150525882
Armenia,2011,3.3181439166030335
Armenia,2012,74.29623874108465
Armenia,2013,31.906281469963716
Armenia,2014,9.464207227237795
Armenia,2015,24.847634722996908
Armenia,2016,124.85081868338867
Armenia,2017,46.950801772706576
Armenia,2018,91.44990194165385
Armenia,2019,171.072822
Armenia,2020,50.74841082592823
Austria,2009,70.98914787637064
Austria,2011,434.2968933028783
Austria,2012,266.3124904069541
Austria,2013,284.4367718103332
Austria,2014,405.4685347259936
Austria,2015,21.45594015149777
Austria,2016,4.9470397477558565
Austria,2017,14.679758734062602
Austria,2018,2.6733958968706113
Austria,2020,13.250069204755675
Azerbaijan,2000,6.339407089924329
Azerbaijan,2002,6.319046642905366
Azerbaijan,2004,0.09269332547011441
Azerbaijan,2005,289.8909611188792
Azerbaijan,2006,124.84955826801388
Azerbaijan,2007,0.5719691609854547
Azerbaijan,2008,8.596851437691235
Azerbaijan,2009,40.88861184534337
Azerbaijan,2010,188.05337866938407
Azerbaijan,2011,0.021962675702727447
Azerbaijan,2014,0.023438022502694403
Azerbaijan,2015,78.31690967594517
Azerbaijan,2016,0.013616495485984698
Azerbaijan,2017,0.021913957025901185
Azerbaijan,2019,0.009891
Azerbaijan,2020,0.005101809568207182
Bahamas,2017,0.019276390915538844
Bahamas,2018,0.11036057202287888
Bahamas,2019,0.5625
Bahamas,2020,185.04686896315025
Bangladesh,2000,158.00405405965518
Bangladesh,2001,0.001224246449824032
Bangladesh,2002,61.0051822182431
Bangladesh,2003,581.158388589639
Bangladesh,2004,48.44412223722796
Bangladesh,2005,56.13716637107838
Bangladesh,2006,0.03369733922879412
Bangladesh,2007,273.7760948383056
Bangladesh,2008,226.93682187562354
Bangladesh,2009,230.06961063574033
Bangladesh,2010,21.109112611052527
Bangladesh,2011,484.95497678536213
Bangladesh,2012,149.14068731817838
Bangladesh,2013,741.213057053137
Bangladesh,2014,522.9532181174457
Bangladesh,2015,571.2965786415133
Bangladesh,2016,2885.0669124480005
Bangladesh,2017,437.83434714573
Bangladesh,2018,1682.4559318293282
Bangladesh,2019,1464.9359009999998
Bangladesh,2020,397.90280108147704
Barbados,2015,0.07763209121021308
Barbados,2016,8.859223806923119
Barbados,2018,0.0490491431212795
Barbados,2019,34.097356500000004
Belarus,2005,0.9455451780948763
Belarus,2006,49.327595206931655
Belarus,2007,0.3066160510537726
Belarus,2008,355.68847502169734
Belarus,2009,97.58590044488302
Belarus,2010,531.0895822463705
Belarus,2011,206.95679581502387
Belarus,2012,2.9522291720373617
Belarus,2013,68.9401336021421
Belarus,2014,61.408563974639605
Belarus,2015,3.293607005134348
Belarus,2016,4.220353693319015
Belarus,2017,0.12262939313250817
Belarus,2018,15.607615064299374
Belarus,2019,85.72124401787539
Belarus,2020,0.031276143265744384
Belgium,2009,27.34369526634568
Belgium,2010,564.9697333166048
Belgium,2012,29.517318392570125
Belgium,2015,21.40422753776653
Belgium,2016,100.08937839457458
Belgium,2018,25.034523191728322
Belize,2009,4.661951693991533
Belize,2015,0.015411755141661787
Belize,2016,1.687373867405766
Belize,2017,0.01467960136653443
Belize,2018,15.952415081707777
Belize,2019,0.26249999999999996
Benin,2000,0.0043135927273976905
Benin,2002,0.09225731538952453
Benin,2004,0.0033695391362207035
Benin,2006,12.379813979565021
Benin,2008,0.5677360163161504
Benin,2009,8.853396209094505
Benin,2010,0.7555493880405444
Benin,2011,0.3692780936387694
Benin,2012,0.07409422624927545
Benin,2014,15.713579946947165
Benin,2015,571.9019093027771
Benin,2016,2.0493166694320677
Benin,2017,270.18949204668553
Benin,2018,1.9443256390447505
Benin,2019,33.618384
Benin,2020,27.392267013236673
Bhutan,2000,4.894788273214271
Bhutan,2001,2.4904057792923484
Bhutan,2002,25.87528246283893
Bhutan,2005,1.3213704316966535
Bhutan,2006,0.11907629242476131
Bhutan,2007,0.8373031361068447
Bhutan,2008,4.252433432505003
Bhutan,2009,83.06167089176542
Bhutan,2010,23.05957649693727
Bhutan,2011,0.08520665745689798
Bhutan,2012,3.5074304785961306
Bhutan,2013,36.9270248241969
Bhutan,2014,1.9923568488676389
Bhutan,2015,126.10783411992776
Bhutan,2016,0.05045171618799064
Bhutan,2017,0.01667333725560286
Bhutan,2018,0.11196050949550512
Bhutan,2019,0.696868
Bhutan,2020,0.7304481669598037
Bolivia (Plurinational State of),2000,0.1181786693912743
Bolivia (Plurinational State of),2001,2.513578746090597
Bolivia (Plurinational State of),2002,0.984530208520022
Bolivia (Plurinational State of),2003,21.063106769199216
Bolivia (Plurinational State of),2004,0.03695633585318363
Bolivia (Plurinational State of),2005,0.14360461088657062
Bolivia (Plurinational State of),2006,0.4277678072855552
Bolivia (Plurinational State of),2007,0.43748404379445016
Bolivia (Plurinational State of),2008,0.9367231182087873
Bolivia (Plurinational State of),2009,100.52780392746308
Bolivia (Plurinational State of),2010,5.5799504668165865
Bolivia (Plurinational State of),2011,67.02746149804116
Bolivia (Plurinational State of),2012,4.8898243495451394
Bolivia (Plurinational State of),2013,74.85231295344545
Bolivia (Plurinational State of),2014,38.29740168129963
Bolivia (Plurinational State of),2015,2.7588012250674905
Bolivia (Plurinational State of),2016,1124.9470903789372
Bolivia (Plurinational State of),2017,642.7965193561632
Bolivia (Plurinational State of),2018,139.2642313343697
Bolivia (Plurinational State of),2019,0.898362
Bolivia (Plurinational State of),2020,0.27465827429246975
Bosnia and Herzegovina,2001,35.577473457430585
Bosnia and Herzegovina,2002,0.2968614001769437
Bosnia and Herzegovina,2004,7.033934704217544
Bosnia and Herzegovina,2006,25.773364040126232
Bosnia and Herzegovina,2007,0.2739497044027308
Bosnia and Herzegovina,2008,22.590129635976727
Bosnia and Herzegovina,2009,124.5500337635094
Bosnia and Herzegovina,2010,94.1649190605169
Bosnia and Herzegovina,2011,64.99333879972203
Bosnia and Herzegovina,2012,473.92829905741945
Bosnia and Herzegovina,2013,94.14190623280491
Bosnia and Herzegovina,2014,158.6509105203534
Bosnia and Herzegovina,2015,6.460051452037503
Bosnia and Herzegovina,2016,3.62223946690362
Bosnia and Herzegovina,2017,975.6841316566145
Bosnia and Herzegovina,2018,1.3452975537734488
Bosnia and Herzegovina,2019,20.088918
Bosnia and Herzegovina,2020,0.03351916505561139
Botswana,2000,0.03176588944678917
Botswana,2003,0.7193554607707657
Botswana,2004,0.038258248369722594
Botswana,2005,0.6234077332283198
Botswana,2006,0.06372986503999756
Botswana,2007,0.030013423847481825
Botswana,2009,6.741286780576819
Botswana,2010,10.841809442601756
Botswana,2011,0.08477576204034187
Botswana,2012,0.45992403598367615
Botswana,2014,2.550093539988608
Botswana,2015,0.027898716627917316
Botswana,2016,0.006996309831690934
Botswana,2017,0.019269561230436744
Botswana,2018,0.0061978941768247595
Brazil,2000,126.4991059405142
Brazil,2001,167.94936166715937
Brazil,2002,610.7831371940604
Brazil,2003,494.1151610670803
Brazil,2004,709.207608692019
Brazil,2005,13.010090460989444
Brazil,2006,5.271462053143578
Brazil,2007,1201.4851355693374
Brazil,2008,420.24131170566193
Brazil,2009,24539.623433537785
Brazil,2010,2817.009383289095
Brazil,2011,4860.201194876992
Brazil,2012,12099.320467163638
Brazil,2013,6621.66864094229
Brazil,2014,5538.985836134081
Brazil,2015,7982.8030298270605
Brazil,2016,8074.273529732918
Brazil,2017,8344.554345568888
Brazil,2018,2260.189531059931
Brazil,2019,2128.299287751502
Brazil,2020,2827.608388955037
Bulgaria,2002,12.707759237648403
Bulgaria,2007,7.466558059964382
Bulgaria,2010,16.371316453797895
Bulgaria,2011,271.6478121174167
Bulgaria,2012,56.132426632981826
Bulgaria,2018,13.964262282795435
Bulgaria,2020,0.06998275988427294
Burkina Faso,2000,0.12276448278113287
Burkina Faso,2001,15.356205109858315
Burkina Faso,2002,0.021139486198925823
Burkina Faso,2004,47.010106315960776
Burkina Faso,2005,15.859633772516425
Burkina Faso,2007,21.422402563416664
Burkina Faso,2008,7.997091313385657
Burkina Faso,2009,0.7623208724455189
Burkina Faso,2010,1.5018193861419034
Burkina Faso,2011,0.026244375469942648
Burkina Faso,2012,2.592007041272506
Burkina Faso,2013,33.47275117903367
Burkina Faso,2014,38.40953650482654
Burkina Faso,2015,0.6012748393488053
Burkina Faso,2016,29.28664550130861
Burkina Faso,2017,128.24521410693092
Burkina Faso,2018,35.12771790460082
Burkina Faso,2019,45.878325000000004
Burkina Faso,2020,63.15845043615373
Burundi,2006,0.06608855390242965
Burundi,2008,0.013159581706919339
Burundi,2009,0.0870249748672908
Burundi,2010,13.350718657368212
Burundi,2011,0.013234077161590061
Burundi,2012,6.195013771712332
Burundi,2013,103.63695903991534
Burundi,2014,154.01847913515385
Burundi,2015,2.4944551817297076
Burundi,2016,0.05465315250225972
Burundi,2017,27.784719275131778
Burundi,2018,10.178515797529819
Burundi,2019,89.840532
Burundi,2020,108.57670941078358
Cabo Verde,2001,2.6618849561228086
Cabo Verde,2005,0.02065310522225196
Cabo Verde,2008,41.02988464104019
Cabo Verde,2009,0.17989547230582648
Cabo Verde,2010,69.19328261364576
Cabo Verde,2011,14.294773927007965
Cabo Verde,2012,55.485655801973195
Cabo Verde,2013,15.794905562884036
Cabo Verde,2014,7.206032013765698
Cabo Verde,2015,33.227487377068265
Cabo Verde,2016,1.003735075767071
Cabo Verde,2017,0.10753269159078353
Cabo Verde,2019,1.18487
Cambodia,2000,1.509116269281832
Cambodia,2003,27.15586482708565
Cambodia,2004,412.2965673862659
Cambodia,2005,1.2493742808227257
Cambodia,2006,10.317053829763312
Cambodia,2007,0.1803820628742121
Cambodia,2008,66.03243728765142
Cambodia,2009,3.879513359206658
Cambodia,2010,680.6508376063916
Cambodia,2011,1.2892398317324
Cambodia,2012,0.734202466726722
Cambodia,2013,2088.6565113983147
Cambodia,2014,0.4242926199057878
Cambodia,2015,8.388925541783701
Cambodia,2016,156.64307719679982
Cambodia,2017,3.7483073310972754
Cambodia,2018,15.747806612037824
Cambodia,2019,0.479764
Cambodia,2020,0.6359812085762128
Cameroon,2001,95.04636030906204
Cameroon,2002,0.01147434403996228
Cameroon,2003,0.0070005548395136764
Cameroon,2004,0.019924322799104013
Cameroon,2006,14.490602120387912
Cameroon,2008,39.00069016073511
Cameroon,2009,0.17897782865118317
Cameroon,2010,84.51528519409491
Cameroon,2011,143.82551335115153
Cameroon,2012,724.59448903115
Cameroon,2013,0.0690366714018793
Cameroon,2014,56.40512799297507
Cameroon,2015,2.427797633502605
Cameroon,2016,77.45467012367769
Cameroon,2017,171.11931333594248
Cameroon,2018,934.6756620599186
Cameroon,2019,7.3593910000000005
Cameroon,2020,37.77573914208387
Canada,2012,426.2185769065822
Central African Republic,2000,0.331652087563337
Central African Republic,2006,0.003646658764779062
Central African Republic,2009,4.1910639222354416
Central African Republic,2011,32.847377523266836
Central African Republic,2014,0.004676309957384779
Central African Republic,2015,0.6728719796377081
Central African Republic,2016,0.0001636350750219917
Central African Republic,2017,0.029521966809701174
Central African Republic,2018,3.727888891526643
Central African Republic,2019,50.05
Central African Republic,2020,5.931785064931791
Chad,2001,43.042631990762885
Chad,2002,25.77890183787927
Chad,2007,554.111920872258
Chad,2011,0.00034134546807451275
Chad,2013,0.03336809295856628
Chad,2014,0.01644244316792609
Chad,2015,0.020498457657271034
Chad,2016,41.32528776843448
Chad,2017,0.005994529355697083
Chad,2019,20.004478
Chad,2020,10.547404633398608
Chile,2000,0.4555262892042079
Chile,2001,0.15202736871487554
Chile,2002,0.03462735337362323
Chile,2003,0.07479121047711175
Chile,2004,5.375242231542227
Chile,2005,50.458590024423515
Chile,2006,0.10990194569930661
Chile,2007,93.2327070979654
Chile,2008,208.7448526075433
Chile,2009,61.42403325498601
Chile,2010,18.57062520588554
Chile,2011,68.52709682348895
Chile,2012,1003.5995446551046
Chile,2013,1352.9586292373644
Chile,2014,1631.5751179657948
Chile,2015,113.75655354165313
Chile,2016,300.1327600612582
Chile,2017,209.26576085762267
Chile,2020,0.9374084809317481
China,2000,253.28289353365085
China,2001,381.6339091476907
China,2002,301.1654386708596
China,2003,315.1456962912849
China,2004,54.785818381193806
China,2005,163.06917862138354
China,2006,136.31819990774525
China,2007,27.93787408796958
China,2008,394.5163150838937
China,2009,78.70050386795226
China,2010,277.12407169745546
China,2011,142.03911495677494
China,2012,104.24149155127806
China,2013,438.5404937131386
China,2014,354.20776975382995
China,2015,96.36341531730264
China,2016,1245.5155542040275
China,2017,373.289685440803
China,2018,411.8940035875669
China,2019,241.166411
China,2020,111.59069794711927
Colombia,2000,19.000900849982845
Colombia,2002,0.08875677628899127
Colombia,2003,0.006799200952464706
Colombia,2005,223.46099838543827
Colombia,2006,1.943906950126444
Colombia,2007,0.7929992780152684
Colombia,2008,16.191906883681654
Colombia,2009,83.23140348284025
Colombia,2010,4.601073989784521
Colombia,2011,0.8591888387511741
Colombia,2012,2.6547240430109964
Colombia,2013,0.31433168678116874
Colombia,2014,55.29110779806867
Colombia,2015,24.407866674793734
Colombia,2016,1454.76335705038
Colombia,2017,185.4730451313698
Colombia,2018,144.95821599432622
Colombia,2019,152.80523399999998
Colombia,2020,49.08611681969881
Comoros,2012,0.3101843405424156
Comoros,2013,0.019815078551167955
Comoros,2014,0.12492702136765181
Comoros,2015,0.9747098170079618
Comoros,2016,0.01481989278760383
Comoros,2017,11.183721143555639
Comoros,2018,0.13880464686781877
Comoros,2019,16.684151999999997
Comoros,2020,16.458987916342068
Congo,2000,0.15392462805356796
Congo,2003,515.9102281348997
Congo,2004,14.772056333566766
Congo,2009,0.0024106498824932265
Congo,2010,0.04212096805618671
Congo,2012,114.85769610207812
Congo,2013,1.8829950235145583
Congo,2014,0.004491599602644649
Congo,2015,0.3862899225403936
Congo,2016,0.08604537541977947
Congo,2018,20.633969396193642
Congo,2019,0.088436
Congo,2020,0.298458199227108
Cook Islands,2011,3.4073361574022147
Cook Islands,2012,4.926759024740612
Cook Islands,2013,7.338820532121818
Cook Islands,2014,14.720961715618028
Cook Islands,2015,18.103734244818817
Cook Islands,2016,4.444203566202374
Costa Rica,2000,0.09941710311345256
Costa Rica,2001,140.11967957452342
Costa Rica,2003,16.197703989297768
Costa Rica,2004,0.0892456032578324
Costa Rica,2005,0.10450001403957938
Costa Rica,2006,0.08420126317550003
Costa Rica,2007,0.7036467687676695
Costa Rica,2008,0.13278828417268382
Costa Rica,2009,0.03655571020422637
Costa Rica,2010,7.754774901337627
Costa Rica,2011,1.6673610538330195
Costa Rica,2012,334.6108119854659
Costa Rica,2013,122.76329110347785
Costa Rica,2014,161.78022399995265
Costa Rica,2015,596.8009801123076
Costa Rica,2016,173.0433767538973
Costa Rica,2017,251.87594720034545
Costa Rica,2018,27.800701697388405
Costa Rica,2019,0.6813440000000001
Costa Rica,2020,292.37531095550554
Croatia,2000,0.013770482986462784
Croatia,2001,0.015005038962752223
Croatia,2002,0.0069254706747246455
Croatia,2003,6.209295043955537
Croatia,2005,0.008098841357404041
Croatia,2006,32.28023230467196
Croatia,2008,66.44155959543005
Croatia,2009,0.916489894476109
Croatia,2010,1.355720476004785
Croatia,2012,24.978220578773712
Croatia,2013,23.28986002138075
Croatia,2014,25.407593762258387
Croatia,2017,4.196144449908483
Cuba,2000,0.7917093376601715
Cuba,2001,4.587318858037539
Cuba,2002,1.7101057305135843
Cuba,2003,0.35537656015359814
Cuba,2004,0.9117877207692916
Cuba,2005,0.40927367013808547
Cuba,2006,0.38852184149545366
Cuba,2007,0.012426552229280956
Cuba,2008,0.04527212234599619
Cuba,2009,0.9083401444909838
Cuba,2010,4.16165639327195
Cuba,2011,1.3087026381213354
Cuba,2012,0.4166346141888326
Cuba,2013,3.103814943681514
Cuba,2014,0.04109352821361276
Cuba,2015,77.32402238694644
Cuba,2016,31.01366617765391
Cuba,2017,110.96984154211351
Cuba,2018,7.202190131942167
Cuba,2019,5.665183
Cuba,2020,2.935015360144019
Cyprus,2009,81.79996356217575
Cyprus,2019,0.8136872619074663
Cyprus,2020,5.909655279116381
Czechia,2010,128.62134058290096
Czechia,2011,97.46996821193508
Czechia,2018,1.034595935321444
Côte d'Ivoire,2000,13.652443671547578
Côte d'Ivoire,2009,0.11816911188692286
Côte d'Ivoire,2010,26.169714420722702
Côte d'Ivoire,2011,15.239134344422698
Côte d'Ivoire,2012,141.96997906340872
Côte d'Ivoire,2013,608.5242921618363
Côte d'Ivoire,2014,2.1995652785224356
Côte d'Ivoire,2015,0.9002038577910041
Côte d'Ivoire,2016,34.90911428816386
Côte d'Ivoire,2017,27.62554399479527
Côte d'Ivoire,2018,30.895944680661678
Côte d'Ivoire,2019,169.95447620277224
Côte d'Ivoire,2020,464.047281260395
Democratic People's Republic of Korea,2000,3.582805497836465
Democratic People's Republic of Korea,2001,2.293907430629133
Democratic People's Republic of Korea,2002,127.61508474642541
Democratic People's Republic of Korea,2004,1.5066152752618287
Democratic People's Republic of Korea,2005,1.2831122967053628
Democratic People's Republic of Korea,2006,1.1420684982502955
Democratic People's Republic of Korea,2008,0.03810238864350686
Democratic People's Republic of Korea,2011,0.004105091027161353
Democratic People's Republic of Korea,2012,0.025011928460048575
Democratic People's Republic of Korea,2013,0.033414102721341876
Democratic People's Republic of Korea,2015,0.0001645800333656517
Democratic People's Republic of Korea,2016,0.3421057020048945
Democratic People's Republic of Korea,2017,2.4115451283049687
Democratic People's Republic of Korea,2018,0.6538182109266187
Democratic People's Republic of Korea,2019,1.01894
Democratic People's Republic of Korea,2020,0.00034282367302646786
Democratic Republic of the Congo,2001,0.03999195540063193
Democratic Republic of the Congo,2002,57.440844708928104
Democratic Republic of the Congo,2005,20.71912446784097
Democratic Republic of the Congo,2007,212.0559967731257
Democratic Republic of the Congo,2008,54.43918841708658
Democratic Republic of the Congo,2009,11.241870342401748
Democratic Republic of the Congo,2010,0.6037098712688208
Democratic Republic of the Congo,2011,1291.9593373346713
Democratic Republic of the Congo,2012,0.07445870615889583
Democratic Republic of the Congo,2013,25.62775650783059
Democratic Republic of the Congo,2014,72.26531503762608
Democratic Republic of the Congo,2015,0.6407396782372512
Democratic Republic of the Congo,2016,23.73696256008595
Democratic Republic of the Congo,2017,43.730385812334994
Democratic Republic of the Congo,2018,0.07735290693122872
Democratic Republic of the Congo,2019,0.34501
Democratic Republic of the Congo,2020,0.007643015094576541
Denmark,2009,15.385567636018145
Denmark,2010,60.70846950282265
Denmark,2011,238.96118707604157
Denmark,2012,65.12707686891446
Denmark,2013,28.203145636485257
Denmark,2014,5.048207288013357
Denmark,2015,4.815951195997469
Denmark,2020,1.6085926152510603
Djibouti,2001,0.9454784884079754
Djibouti,2005,5.94282313790825
Djibouti,2008,0.9609422415892431
Djibouti,2009,8.555051419914271
Djibouti,2010,12.433585739241366
Djibouti,2011,30.11265769953987
Djibouti,2012,9.484693843062269
Djibouti,2013,8.233472698496598
Djibouti,2014,3.14448228820073
Djibouti,2015,0.9363788267575684
Djibouti,2016,1.9123158727540088
Djibouti,2017,1.7328752525821831
Djibouti,2018,30.467706285797274
Djibouti,2019,26.864113
Djibouti,2020,97.15004800810689
Dominica,2002,0.7814863279562179
Dominica,2013,7.64316235099863
Dominica,2014,1.704418303081698
Dominica,2015,0.2218484485700733
Dominica,2017,13.267114321412041
Dominica,2018,1.6402015769755005
Dominica,2019,8.936258
Dominican Republic,2000,11.100320404211127
Dominican Republic,2001,4.170156041607403
Dominican Republic,2002,0.6670207993694452
Dominican Republic,2004,0.5900896672320766
Dominican Republic,2005,90.03660455142992
Dominican Republic,2006,0.5268088704869697
Dominican Republic,2007,0.3713007978048452
Dominican Republic,2008,2.0538030126927858
Dominican Republic,2009,2.7252538761715845
Dominican Republic,2010,2.80553099959141
Dominican Republic,2011,0.23816305281332611
Dominican Republic,2012,1.3885792745867163
Dominican Republic,2013,0.016429923914093286
Dominican Republic,2014,0.4475626479880852
Dominican Republic,2015,0.6145467060671906
Dominican Republic,2016,81.9077300931005
Dominican Republic,2017,82.19340107585803
Dominican Republic,2018,0.37683276800865134
Dominican Republic,2019,142.852056
Ecuador,2000,8.501554933401286
Ecuador,2001,7.060840424059346
Ecuador,2002,0.8317448630914095
Ecuador,2003,1.908401264307617
Ecuador,2004,0.3101799770864763
Ecuador,2005,16.779688936096456
Ecuador,2006,0.009131527184382824
Ecuador,2007,0.012232636782238845
Ecuador,2008,2.821473896379624
Ecuador,2009,1.2849793339694444
Ecuador,2010,2868.7437743749047
Ecuador,2011,1106.5911656328592
Ecuador,2012,26.48939473242941
Ecuador,2013,331.002788797646
Ecuador,2014,509.02228623650086
Ecuador,2015,31.744706407311867
Ecuador,2016,134.66594300177834
Ecuador,2017,36.67706133751674
Ecuador,2018,0.8918809182582041
Ecuador,2019,60.11802899999999
Ecuador,2020,68.17516224958167
Egypt,2000,143.44481684382902
Egypt,2001,31.596828537638466
Egypt,2002,0.5286984483002444
Egypt,2003,209.66486945122185
Egypt,2004,47.56671593441011
Egypt,2005,345.3593898606673
Egypt,2006,249.18492542382182
Egypt,2007,97.27807263761775
Egypt,2008,650.5412955030206
Egypt,2009,1293.4987083689784
Egypt,2010,2102.651918327902
Egypt,2011,1211.6149181442156
Egypt,2012,764.7835322273065
Egypt,2013,819.6854726273311
Egypt,2014,727.1211527952884
Egypt,2015,899.119892865006
Egypt,2016,897.1566845171702
Egypt,2017,2157.11341628779
Egypt,2018,254.9026345142399
Egypt,2019,340.402448
Egypt,2020,133.52116731827917
El Salvador,2004,1.2964656000615797
El Salvador,2006,0.0016198822741316338
El Salvador,2007,0.2536431860721683
El Salvador,2008,0.018076688149126736
El Salvador,2009,0.1759969188328302
El Salvador,2010,0.33895622048969254
El Salvador,2011,0.9627599850378881
El Salvador,2012,1.4410885920670684
El Salvador,2013,54.17898300135615
El Salvador,2014,0.006645175250923393
El Salvador,2015,150.8830692361036
El Salvador,2016,68.25392678762358
El Salvador,2017,222.33775601063348
El Salvador,2018,31.91299782726917
El Salvador,2019,436.184839
El Salvador,2020,0.7666410475161988
Equatorial Guinea,2001,0.1805916957688264
Equatorial Guinea,2002,0.1658645692020762
Equatorial Guinea,2003,0.03728796150931616
Equatorial Guinea,2006,464.6185721657135
Equatorial Guinea,2009,185.61403158225377
Equatorial Guinea,2013,3.423626293061698
Equatorial Guinea,2015,0.015923632984876188
Eritrea,2000,11.193257955262622
Eritrea,2003,1.676509661867995
Eritrea,2007,0.5135365866823439
Eritrea,2008,0.07096069300375256
Eritrea,2009,0.030701520147319063
Eritrea,2010,0.052154599799778156
Eritrea,2011,0.2511321835552156
Eritrea,2015,113.1937286710542
Eritrea,2017,85.28613047852205
Eritrea,2018,0.031819950461128614
Estonia,2007,3.5209629734239445
Estonia,2008,91.47338090823678
Estonia,2009,28.87682580759108
Estonia,2011,83.3835111918047
Estonia,2015,48.24306570494514
Estonia,2019,10.42219167082715
Eswatini,2003,9.81777157812523
Eswatini,2015,1.039100365375955
Eswatini,2019,13.255524000000001
Eswatini,2020,0.08452034733703928
Ethiopia,2000,30.689814623528697
Ethiopia,2001,0.7925355630843203
Ethiopia,2002,205.45666589903374
Ethiopia,2003,7.786939319892965
Ethiopia,2004,1.0479143808326177
Ethiopia,2005,364.86602414840763
Ethiopia,2006,71.10788079276321
Ethiopia,2007,204.1433368892756
Ethiopia,2008,0.36205162077974656
Ethiopia,2009,4284.433235391181
Ethiopia,2010,93.37618613844691
Ethiopia,2011,109.57257631798166
Ethiopia,2012,53.99877546696681
Ethiopia,2013,292.85146620346455
Ethiopia,2014,655.3463828001279
Ethiopia,2015,301.10966193776585
Ethiopia,2016,57.22959774646233
Ethiopia,2017,361.27394555220366
Ethiopia,2018,33.80264462662447
Ethiopia,2019,56.697064999999995
Ethiopia,2020,0.6255645072209198
European Union (27),2019,4.882123571444798
European Union (27),2020,8.825603607627754
Fiji,2004,0.3052177853665891
Fiji,2005,0.255410212465437
Fiji,2006,0.010378598264679222
Fiji,2007,0.13025464151566288
Fiji,2009,96.07534701741608
Fiji,2010,0.5650930286491788
Fiji,2011,0.01032609070853207
Fiji,2012,0.11256645480777361
Fiji,2013,4.705583642694035
Fiji,2014,6.672676949358371
Fiji,2015,1.7047674349384472
Fiji,2016,0.1846570102147013
Fiji,2017,0.04838992333178359
Fiji,2018,5.616439676640114
Fiji,2019,0.112865
Fiji,2020,3.837807782857044
Finland,2007,6.161685203491904
Finland,2008,7.473158414503407
Finland,2009,162.89736557351105
Finland,2010,100.00605594966429
Finland,2011,146.14978597547446
Finland,2012,16.60786619222788
Finland,2013,69.33273302302625
Finland,2014,20.105375625811977
Finland,2015,148.77246208541035
Finland,2016,22.191990991458773
Finland,2018,25.927508298910986
Finland,2019,1.3222418005996328
Finland,2020,9.087661502049546
France,2009,226.5208030264406
France,2010,147.44637812236857
France,2011,262.4888415593724
France,2013,714.6113134894175
France,2014,286.77566972336456
France,2015,40.64020682595731
France,2016,36.64538231307664
France,2017,100.66120274785784
France,2018,61.36188492391484
France,2019,59.39917011924504
France,2020,49.2795267518422
French Polynesia,2012,0.2368990666504246
Gabon,2008,407.07326863040566
Gabon,2009,0.020936997360106985
Gabon,2010,6.2579155790702305
Gabon,2013,0.020331947538208356
Gabon,2014,0.006957150630185282
Gabon,2015,13.143380833234968
Gabon,2016,40.71607011631844
Gabon,2017,0.11603604406095279
Gabon,2018,0.016997326418392467
Gambia,2001,0.06517061528155915
Gambia,2002,0.014417500455846338
Gambia,2005,0.3531519738280228
Gambia,2011,23.290432270920117
Gambia,2012,19.838980036091073
Gambia,2016,10.990648828706387
Gambia,2017,25.389646490478807
Gambia,2018,64.76996567366695
Gambia,2019,11.869781757027278
Gambia,2020,21.561583096263462
Georgia,2001,38.16908780680285
Georgia,2002,2.2161506159118867
Georgia,2003,3.759573031135646
Georgia,2004,7.404948147743138
Georgia,2005,11.47177601017909
Georgia,2006,6.91608844549003
Georgia,2007,2.0015174704854233
Georgia,2008,14.385372348912899
Georgia,2009,23.94819459462267
Georgia,2010,8.729398945100643
Georgia,2011,140.54749726047405
Georgia,2012,37.150402854275825
Georgia,2013,14.341459604368946
Georgia,2014,195.9984468955187
Georgia,2015,7.804243285762859
Georgia,2016,90.5077280340449
Georgia,2017,30.00425813835957
Georgia,2018,46.69322127433393
Georgia,2019,23.944209
Georgia,2020,0.6831682922316046
Germany,2009,146.58629360960728
Germany,2010,378.65458969330535
Germany,2011,732.458456988081
Germany,2012,620.3783720757262
Germany,2013,559.5777817246316
Germany,2014,687.0667087122276
Germany,2015,21.382823310228762
Germany,2018,14.898181468628794
Germany,2019,6.1026544643059975
Ghana,2000,8.56171499784663
Ghana,2001,1.0185256547166275
Ghana,2002,0.019248154174745624
Ghana,2003,0.3386002074327423
Ghana,2004,0.2554501997887919
Ghana,2005,29.677459397421476
Ghana,2006,46.13532894114121
Ghana,2007,922.2132677604462
Ghana,2008,8.399893876330566
Ghana,2009,1.0833898264881745
Ghana,2010,27.990997363958968
Ghana,2011,1096.5162178248677
Ghana,2012,160.32632156938033
Ghana,2013,21.123340584956836
Ghana,2014,18.811307045557157
Ghana,2015,7.142333566190393
Ghana,2016,516.5398997067595
Ghana,2017,124.40314869303357
Ghana,2018,36.00650876383673
Ghana,2019,21.351063714288962
Ghana,2020,0.0027792606788092037
Greece,2015,1.0702113768883266
Greece,2016,52.11308121719481
Greece,2017,34.2883832348445
Greece,2018,5.26440550221352
Greece,2020,20.639617261206865
Grenada,2002,1.176232959040754
Grenada,2003,0.4619139940335239
Grenada,2005,6.7538904029541325
Grenada,2011,3.087761505285655
Grenada,2014,0.11199726780129023
Grenada,2015,1.7358806069554351
Grenada,2017,0.7228936026682596
Grenada,2019,0.20150000000000004
Guatemala,2002,21.063488809684554
Guatemala,2005,0.03649366165350372
Guatemala,2006,0.0016198822741316338
Guatemala,2007,0.007464652600723402
Guatemala,2008,0.29647427693440326
Guatemala,2009,0.08610650266841398
Guatemala,2010,9.854141418993038
Guatemala,2011,4.33236313146006
Guatemala,2012,21.194488776707033
Guatemala,2013,19.134742118540633
Guatemala,2014,0.629597627131831
Guatemala,2015,0.5683750374496849
Guatemala,2016,13.211497178860327
Guatemala,2017,0.8855402158341318
Guatemala,2018,11.445620630635215
Guatemala,2019,56.589026000000004
Guinea,2000,0.22057750515276228
Guinea,2001,0.5554455519564859
Guinea,2002,4.914814055593062
Guinea,2006,5.139074417009479
Guinea,2007,0.5042416172302141
Guinea,2008,0.01222411004176783
Guinea,2011,382.4786331949863
Guinea,2012,11.878051722452724
Guinea,2014,0.060629127304692554
Guinea,2015,12.579859592485985
Guinea,2016,140.7554368585923
Guinea,2017,83.50860677124162
Guinea,2018,1139.6063466234423
Guinea,2019,820.3523770773842
Guinea-Bissau,2001,3.3435170472569413
Guinea-Bissau,2002,9.127511817529973
Guinea-Bissau,2004,0.16336840568661043
Guinea-Bissau,2006,3.8623399423539038
Guinea-Bissau,2009,0.033873057895039915
Guinea-Bissau,2010,9.101024060578503
Guinea-Bissau,2011,1.7054411331530568
Guinea-Bissau,2012,0.10433533747534049
Guinea-Bissau,2013,0.19234809382281487
Guinea-Bissau,2014,0.20277054306779985
Guinea-Bissau,2015,0.5175472747347539
Guinea-Bissau,2016,0.408535210850148
Guinea-Bissau,2017,14.374973164641766
Guinea-Bissau,2018,4.507424762603964
Guinea-Bissau,2019,0.233517
Guyana,2001,5.030818682403943
Guyana,2005,0.02970406204137561
Guyana,2010,1.1852493852865686
Guyana,2012,0.08539112799529792
Guyana,2013,0.021482898667237828
Guyana,2014,0.018481644250283473
Guyana,2015,2.8513259098149986
Guyana,2018,50.42745400062727
Guyana,2019,14.63
Guyana,2020,1.5021861339706217
Haiti,2000,0.8428131876313558
Haiti,2005,6.8251039494512975
Haiti,2008,0.003967446619115194
Haiti,2009,14.865977005914264
Haiti,2010,21.333002945547086
Haiti,2011,31.31893703676545
Haiti,2012,12.277454929673468
Haiti,2013,13.910167300838797
Haiti,2014,0.8392432287763588
Haiti,2015,49.58951653884336
Haiti,2016,8.66772358850018
Haiti,2017,26.179988348615833
Haiti,2018,0.7507285019370744
Haiti,2019,40.291406
Haiti,2020,12.061000615925828
Honduras,2000,32.738609258344596
Honduras,2001,0.4712846619141293
Honduras,2003,0.20805554914541996
Honduras,2004,0.006620951819293885
Honduras,2005,11.115218710487788
Honduras,2007,0.024277207153487874
Honduras,2008,2.0419924520716233
Honduras,2009,0.7207560694959919
Honduras,2010,45.07584108241185
Honduras,2011,13.081062834682777
Honduras,2012,10.160651835761804
Honduras,2013,324.31529187459336
Honduras,2014,134.58740849306935
Honduras,2015,391.35606637957454
Honduras,2016,175.99501529456361
Honduras,2017,86.058299717439
Honduras,2018,99.04296220830408
Honduras,2019,0.9629700000000001
Honduras,2020,19.35234530341338
Hungary,2010,141.03324589423403
Hungary,2015,3.2148584092507964
Hungary,2018,0.7445780027321367
Iceland,2009,227.2018990291685
Iceland,2011,137.96927801258053
Iceland,2015,37.927054873052626
Iceland,2016,67.73356111025782
Iceland,2020,6.029279381554083
India,2000,698.0942948189361
India,2001,747.4079702226657
India,2002,758.6991528702874
India,2003,400.4970553954187
India,2004,400.04436575703807
India,2005,317.5026133684127
India,2006,377.5797234173784
India,2007,473.94366074913256
India,2008,805.4165787306099
India,2009,1145.3927771220117
India,2010,8972.0433149017
India,2011,1951.1751597914356
India,2012,1145.6303506673714
India,2013,1122.4629224582318
India,2014,823.804837440731
India,2015,957.9618902008165
India,2016,2112.8997297942124
India,2017,862.8900545570689
India,2018,1764.1289187734162
India,2019,812.0814743466551
India,2020,1033.2797245335948
Indonesia,2000,2.7125491599735008
Indonesia,2001,5.099993049507915
Indonesia,2002,0.11556431907757425
Indonesia,2003,842.3417579464609
Indonesia,2004,673.4519439574158
Indonesia,2005,275.3556896977653
Indonesia,2006,255.90353077417808
Indonesia,2007,602.6870573097838
Indonesia,2008,646.7161332244083
Indonesia,2009,2439.8219660451273
Indonesia,2010,316.77458938372325
Indonesia,2011,1338.0126188831644
Indonesia,2012,461.72684952637957
Indonesia,2013,1929.2467817689276
Indonesia,2014,1119.4328555888553
Indonesia,2015,2453.689279290416
Indonesia,2016,2934.498077788496
Indonesia,2017,1018.5230286507218
Indonesia,2018,1852.973740873629
Indonesia,2019,317.7291744904763
Indonesia,2020,334.7513188131389
Iran (Islamic Republic of),2000,62.246729507869134
Iran (Islamic Republic of),2001,290.98929880109796
Iran (Islamic Republic of),2006,0.007288242348101524
Iran (Islamic Republic of),2009,0.5266599465621602
Iran (Islamic Republic of),2010,91.46326387229416
Iran (Islamic Republic of),2014,0.5344553810351715
Iran (Islamic Republic of),2015,1.6651579864013037
Iran (Islamic Republic of),2016,6.048672046237582
Iran (Islamic Republic of),2017,0.3187934896693365
Iran (Islamic Republic of),2018,10.432474284653209
Iran (Islamic Republic of),2019,6.091729
Iran (Islamic Republic of),2020,5.515894088885788
Iraq,2003,23.850237101055694
Iraq,2005,62.873893231345434
Iraq,2006,637.2695171025536
Iraq,2007,227.4432536863563
Iraq,2008,355.0507555962479
Iraq,2009,20.407649395277016
Iraq,2010,446.64149825283346
Iraq,2011,2.5257819860369906
Iraq,2012,7.128857818459515
Iraq,2014,1.8132120781796
Iraq,2015,311.02563447470993
Iraq,2016,260.5654060859741
Iraq,2017,311.59956613847197
Iraq,2020,0.5364290881011028
Ireland,2009,264.319375893059
Ireland,2012,189.58188072744036
Ireland,2013,106.07719912206441
Ireland,2018,6.166160337697554
Israel,2014,721.0007119795662
Israel,2015,12.071984331300323
Italy,2010,1275.3350941338083
Italy,2011,184.3506657631958
Italy,2014,301.7598485592644
Italy,2015,3.210634130664979
Italy,2016,14.242601586419163
Italy,2017,40.26448109914314
Italy,2018,28.538294279906708
Italy,2019,22.376399702455323
Italy,2020,18.720388269043013
Jamaica,2000,5.180148684339972
Jamaica,2001,9.073605285572576
Jamaica,2005,31.27801651530658
Jamaica,2006,0.7921658271168863
Jamaica,2008,1.8341921588515575
Jamaica,2009,6.853001037204348
Jamaica,2010,28.94495978914583
Jamaica,2011,11.494286315674575
Jamaica,2012,0.12056331073496643
Jamaica,2014,57.81215277636182
Jamaica,2015,88.19941479008186
Jamaica,2016,17.58224490369039
Jamaica,2017,0.9014335707922085
Jamaica,2018,70.52267217517263
Jamaica,2019,0.179245
Jamaica,2020,3.116976209497989
Jordan,2002,0.033823776092763456
Jordan,2003,0.24749091466971526
Jordan,2004,0.0052967614554351086
Jordan,2005,0.02205777379608566
Jordan,2006,0.38640514998789555
Jordan,2007,130.19866306764038
Jordan,2008,1.5526421566545856
Jordan,2009,36.08085072154551
Jordan,2010,60.962107927351624
Jordan,2011,72.71318899298048
Jordan,2012,500.1331924955904
Jordan,2013,338.4316948286645
Jordan,2014,219.4070003920302
Jordan,2015,364.7793523018151
Jordan,2016,632.9080698017057
Jordan,2017,589.8661662054421
Jordan,2018,89.00631257949883
Jordan,2019,73.761921
Jordan,2020,14.614171840599356
Kazakhstan,2000,26.22875240072789
Kazakhstan,2001,27.246609207673952
Kazakhstan,2002,23.44964370461765
Kazakhstan,2003,1.4025389742160428
Kazakhstan,2004,32.06703367670403
Kazakhstan,2005,58.690235367638905
Kazakhstan,2006,361.57826402998376
Kazakhstan,2007,117.37704330667243
Kazakhstan,2008,16.159134056782438
Kazakhstan,2009,46.25617624157302
Kazakhstan,2010,99.1638646691716
Kazakhstan,2011,7.600098294822084
Kazakhstan,2012,27.49115805001191
Kazakhstan,2013,0.0718812595382515
Kazakhstan,2014,38.189745876569106
Kazakhstan,2015,79.83592245548358
Kazakhstan,2016,167.5651019539362
Kazakhstan,2017,150.14649505218495
Kazakhstan,2018,324.1981502468796
Kazakhstan,2019,280.200041857224
Kazakhstan,2020,47.73356393668227
Kenya,2000,20.985030386819034
Kenya,2003,2.22551238745469
Kenya,2004,135.53608735876486
Kenya,2005,44.0069046018997
Kenya,2006,0.007774838211492338
Kenya,2007,59.02247502322112
Kenya,2008,30.001275260397705
Kenya,2009,36.15193289845932
Kenya,2010,731.2278345125436
Kenya,2011,536.2022273829944
Kenya,2012,541.6414104102871
Kenya,2013,16.30373073430159
Kenya,2014,719.147335502998
Kenya,2015,546.8044225313082
Kenya,2016,702.5588093702061
Kenya,2017,301.28076793726694
Kenya,2018,221.02089098686002
Kenya,2019,165.77778335743125
Kenya,2020,22.310263338382843
Kiribati,2000,1.2100871269859335
Kiribati,2001,12.420421198477477
Kiribati,2004,6.972757330734658
Kiribati,2009,5.150629297524078
Kiribati,2010,0.9795449465178254
Kiribati,2013,4.700909492050507
Kiribati,2014,4.339011070332745
Kiribati,2015,2.873960261063574
Kiribati,2016,0.0034481384028937152
Kiribati,2018,0.862272662090662
Kiribati,2020,8.941226359344812
Kosovo*,2012,1.908677658959488
Kosovo*,2013,0.278287013365882
Kosovo*,2014,30.2131748080317
Kosovo*,2015,25.118127756394614
Kosovo*,2016,0.0004093599906000712
Kosovo*,2017,0.720254924508272
Kosovo*,2018,0.5799919139049713
Kosovo*,2019,128.502563
Kosovo*,2020,3.716951886071221
Kyrgyzstan,2000,17.114997654232553
Kyrgyzstan,2004,0.13640354553601627
Kyrgyzstan,2008,10.699418148011635
Kyrgyzstan,2009,10.633967390926538
Kyrgyzstan,2010,1.7878813457455909
Kyrgyzstan,2011,27.889709052340795
Kyrgyzstan,2012,2.43490360614547
Kyrgyzstan,2013,398.023620637989
Kyrgyzstan,2015,0.07766024272515006
Kyrgyzstan,2016,38.2230662795733
Kyrgyzstan,2017,1.2484255549842602
Kyrgyzstan,2018,0.0756911560386067
Kyrgyzstan,2019,86.209641
Lao People's Democratic Republic,2002,11.319598830516428
Lao People's Democratic Republic,2003,0.1692116049793428
Lao People's Democratic Republic,2004,366.1371328854566
Lao People's Democratic Republic,2005,53.65671574915373
Lao People's Democratic Republic,2006,223.7249555105019
Lao People's Democratic Republic,2007,2.1258025749831524
Lao People's Democratic Republic,2008,1.5869852306643308
Lao People's Democratic Republic,2009,412.55697936577474
Lao People's Democratic Republic,2010,10.6376105957459
Lao People's Democratic Republic,2011,1228.6691777118779
Lao People's Democratic Republic,2012,134.8512379419819
Lao People's Democratic Republic,2013,728.3642815748275
Lao People's Democratic Republic,2014,430.20958467739075
Lao People's Democratic Republic,2015,82.0015416361338
Lao People's Democratic Republic,2016,753.5884052805942
Lao People's Democratic Republic,2017,2391.4114166372765
Lao People's Democratic Republic,2018,389.51573178737766
Lao People's Democratic Republic,2019,2.4072470000000004
Lao People's Democratic Republic,2020,0.4430860885315848
Latvia,2008,4.151754674724115
Latvia,2010,14.142261189785415
Lebanon,2004,0.07570035625160611
Lebanon,2007,0.8070300978597518
Lebanon,2008,0.4964110169437036
Lebanon,2009,5.05485913911909
Lebanon,2010,1.6698737893483369
Lebanon,2011,1.817422446509538
Lebanon,2012,1.4170700025779335
Lebanon,2013,82.52147174300362
Lebanon,2014,2.4678242983395107
Lebanon,2015,5.635478317567981
Lebanon,2016,23.64726205124718
Lebanon,2017,0.03270123978535646
Lebanon,2018,6.207655088916849
Lebanon,2019,0.318234
Lebanon,2020,0.06221638562970652
Lesotho,2001,19.96850567517644
Lesotho,2004,0.05274391897759823
Lesotho,2005,0.08873706810650173
Lesotho,2006,0.05608706478016845
Lesotho,2007,0.007446527672000144
Lesotho,2009,0.785224092606235
Lesotho,2010,0.037992271543940706
Lesotho,2011,2.8258954939798313
Lesotho,2012,0.20627194237542607
Lesotho,2013,0.0956294737588306
Lesotho,2014,9.267284479409186
Lesotho,2015,0.039003397718560526
Lesotho,2016,0.0031038551172961233
Lesotho,2018,0.8368873309929546
Lesotho,2019,13.524521
Lesotho,2020,76.64204979919977
Liberia,2006,0.051316525803669535
Liberia,2007,0.769218423808707
Liberia,2008,0.1641652797081792
Liberia,2010,4.909301508578693
Liberia,2011,103.06484444530125
Liberia,2012,35.30949316265464
Liberia,2013,156.6559517445925
Liberia,2014,0.28730845371896596
Liberia,2015,254.85709277769715
Liberia,2016,10.513668012172387
Liberia,2017,46.27517203449664
Liberia,2018,6.588059222168783
Liberia,2019,37.623588
Liberia,2020,7.791447114237907
Libya,2007,1.3109691862883452
Libya,2008,5.912966809628417
Libya,2009,8.852012720715823
Libya,2010,19.91279237693606
Libya,2012,0.3722590269446088
Libya,2015,0.5210267744949203
Libya,2019,0.007976
Libya,2020,0.009528300058392135
Lithuania,2017,1.8882650024588183
Lithuania,2018,0.6314121052104372
Madagascar,2002,0.011796000787855608
Madagascar,2004,8.343803736063172
Madagascar,2005,3.219090587831497
Madagascar,2006,10.814550540844865
Madagascar,2007,18.582699477384544
Madagascar,2008,2.7142481843023547
Madagascar,2009,1.1816911188692285e-05
Madagascar,2010,2.3361601805982647e-05
Madagascar,2011,7.373126577375332
Madagascar,2012,0.0622449382127639
Madagascar,2013,2.7642395222382192
Madagascar,2014,14.122917738725876
Madagascar,2015,4.739739557089008
Madagascar,2016,23.89209157711919
Madagascar,2017,27.12138741213385
Madagascar,2018,6.03873438224836
Madagascar,2019,43.729548
Malawi,2000,11.834159832773318
Malawi,2003,0.5130282593882863
Malawi,2004,2.925304465992766
Malawi,2005,2.458384594005057
Malawi,2006,2.8589579861878462
Malawi,2007,0.060815247967081286
Malawi,2009,0.07062558282720918
Malawi,2010,15.184795897210273
Malawi,2011,2.4106985095852806
Malawi,2012,1.6895550539545061
Malawi,2013,36.01875092015288
Malawi,2014,1.95540253917082
Malawi,2015,63.64898355621806
Malawi,2016,0.3466436213786109
Malawi,2017,3.8592737334405562
Malawi,2018,17.15321244405925
Malawi,2019,101.60639469093074
Malawi,2020,2.9673884854161305
Malaysia,2000,587.758491002424
Malaysia,2002,0.02467930383813778
Malaysia,2004,0.27178187825252575
Malaysia,2006,0.01909015571335455
Malaysia,2007,0.005912284461783095
Malaysia,2008,0.19462070219304203
Malaysia,2009,40.76320660249933
Malaysia,2010,0.8878973494680623
Malaysia,2011,0.13198546736877453
Malaysia,2012,6.548312675029763
Malaysia,2013,2.0915018507290957
Malaysia,2014,0.16804942260760386
Malaysia,2015,1.8312897236930092
Malaysia,2016,1.2916481637188983
Malaysia,2017,0.048849749612661045
Malaysia,2018,0.062190782889595515
Malaysia,2019,0.022549
Maldives,2000,4.770858075613544
Maldives,2007,0.3161986407504579
Maldives,2008,0.1081413608297087
Maldives,2009,16.949428545918533
Maldives,2010,9.71565958225199
Maldives,2011,0.03328250630289112
Maldives,2012,0.08870676951856221
Maldives,2014,53.83496737163717
Maldives,2015,6.210567296817047
Maldives,2016,0.013247145245410923
Maldives,2017,0.08004550188450392
Maldives,2018,5.69119363218763
Maldives,2019,4.017016
Maldives,2020,21.48383431939511
Mali,2000,7.962727868858931
Mali,2001,10.187537673110205
Mali,2002,0.01291037417818929
Mali,2003,0.01753050960519746
Mali,2004,0.06468501910260441
Mali,2005,5.954019415889506
Mali,2006,31.388044597460492
Mali,2007,90.16397252574781
Mali,2008,0.04760553663197248
Mali,2009,38.43703050907132
Mali,2010,0.01836094978839969
Mali,2011,21.467726051777476
Mali,2012,28.87065392512302
Mali,2013,445.5297609352021
Mali,2014,99.94544525416377
Mali,2015,9.439451585377723
Mali,2016,92.18083455044805
Mali,2017,256.0358603617469
Mali,2018,20.92783221300636
Mali,2019,116.94841199999999
Mali,2020,0.1798256254657216
Malta,2016,0.3203393618247047
Marshall Islands,2000,2.8757284849317934
Marshall Islands,2001,2.8140055985204184
Marshall Islands,2005,3.1067892810448114
Marshall Islands,2007,0.9050491050020849
Marshall Islands,2009,10.497903747535325
Marshall Islands,2011,0.16202660883883488
Marshall Islands,2012,0.024878682602152747
Marshall Islands,2013,1.278454671021889
Marshall Islands,2014,0.006966121168247126
Marshall Islands,2015,4.140378197878031
Marshall Islands,2016,0.2603279472717918
Marshall Islands,2017,41.65764499650819
Marshall Islands,2020,3.3704978822010205
Mauritania,2001,0.19567050632595956
Mauritania,2004,30.956817838565666
Mauritania,2006,24.332738716900945
Mauritania,2007,0.06900092361072152
Mauritania,2008,0.1003885989742539
Mauritania,2010,3.9181797860713017
Mauritania,2011,224.0507201572619
Mauritania,2012,67.63366659513939
Mauritania,2013,68.68582209599609
Mauritania,2014,104.290195417719
Mauritania,2015,0.14888056756991339
Mauritania,2016,178.2592647050736
Mauritania,2017,52.20114567723758
Mauritania,2018,0.011588973950088007
Mauritania,2019,1.001305988098213
Mauritania,2020,27.640158637758972
Mauritius,2002,2.8674545951162376
Mauritius,2009,0.06183789625042673
Mauritius,2010,2.391735649299039
Mauritius,2013,58.7935567505278
Mauritius,2014,52.61329566171872
Mauritius,2015,9.973072995479313
Mauritius,2016,29.402200422741316
Mauritius,2017,0.3431904723916929
Mauritius,2019,14.49938970886623
Mexico,2000,98.44499919023527
Mexico,2001,54.337330714375646
Mexico,2002,28.41678502360623
Mexico,2003,0.26143637369025513
Mexico,2004,0.526643804736119
Mexico,2005,67.27127301127445
Mexico,2006,65.32594307756331
Mexico,2007,0.16025111343557474
Mexico,2008,43.35798696232095
Mexico,2009,28.3545882395381
Mexico,2010,195.2424932189726
Mexico,2011,3.0494432430666754
Mexico,2012,369.60589146296905
Mexico,2013,1043.6767538677295
Mexico,2014,387.44739848042576
Mexico,2015,228.28844631374497
Mexico,2016,455.345348670709
Mexico,2017,502.06011048266504
Mexico,2018,301.4013399182964
Mexico,2019,338.647276
Mexico,2020,546.3850533690626
Micronesia (Federated States of),2000,4.31359272739769
Micronesia (Federated States of),2001,4.221008397780627
Micronesia (Federated States of),2005,5.512525845096802
Micronesia (Federated States of),2007,0.004519787278993529
Micronesia (Federated States of),2009,14.228969301212338
Micronesia (Federated States of),2012,0.023576939812443562
Micronesia (Federated States of),2013,8.473385289871363
Micronesia (Federated States of),2014,8.467953365584426
Micronesia (Federated States of),2015,4.0683296469866645
Micronesia (Federated States of),2016,0.00636210044746273
Micronesia (Federated States of),2017,1.1756618099930065
Micronesia (Federated States of),2018,10.006025196741017
Micronesia (Federated States of),2019,27.269749
Micronesia (Federated States of),2020,0.018924221765264322
Mongolia,2000,14.63257967819368
Mongolia,2001,63.41541513921823
Mongolia,2002,1.4093259977800845
Mongolia,2003,5.688891899362065
Mongolia,2004,0.10218698303377181
Mongolia,2005,2.9215786910817867
Mongolia,2006,6.230804199356917
Mongolia,2007,12.875488635422197
Mongolia,2008,35.36533979136665
Mongolia,2009,22.31950256448068
Mongolia,2010,14.642435679378371
Mongolia,2011,2.0040651963796092
Mongolia,2012,33.3559498757574
Mongolia,2013,41.86753295560597
Mongolia,2014,0.5481031898565774
Mongolia,2015,1.8042346486854353
Mongolia,2016,204.67902871175136
Mongolia,2017,90.05240064537507
Mongolia,2018,116.02603676691666
Mongolia,2019,10.672771000000001
Mongolia,2020,113.98553189325409
Montenegro,2002,5.616930349249214
Montenegro,2004,2.5752688417570435
Montenegro,2007,1.6212291510931929
Montenegro,2008,0.14613466730810226
Montenegro,2009,0.2811987167327207
Montenegro,2010,0.6204570214740756
Montenegro,2011,6.688563046236546
Montenegro,2014,27.168722380864423
Montenegro,2015,62.194927960522556
Montenegro,2016,4.693450759007429
Montenegro,2017,0.005169391336382814
Montenegro,2019,87.32233599999999
Montenegro,2020,16.675580656720275
Montserrat,2008,1.2857758006802091
Montserrat,2011,0.08819481359113573
Montserrat,2012,6.728159052460726
Montserrat,2013,2.3782024272692013
Montserrat,2014,0.9557248672692473
Montserrat,2015,18.35112848621269
Montserrat,2016,7.975534262299934
Montserrat,2017,0.13914813719760405
Morocco,2000,0.7679288007553293
Morocco,2001,1.4789032140092575
Morocco,2002,13.443238512813958
Morocco,2003,0.5474772654541382
Morocco,2004,153.48538804240647
Morocco,2005,186.1565500059535
Morocco,2006,70.27641812457793
Morocco,2007,180.55759800409683
Morocco,2008,226.83266252148405
Morocco,2009,122.67361672995531
Morocco,2010,9.776598389793596
Morocco,2011,376.84560822994763
Morocco,2012,1319.4592865947038
Morocco,2013,126.35835284316592
Morocco,2014,1921.0083994813838
Morocco,2015,338.4775892844495
Morocco,2016,410.0329176595596
Morocco,2017,82.15462219085113
Morocco,2018,811.8587015239663
Morocco,2019,413.63014630958276
Morocco,2020,165.2894027347304
Mozambique,2000,4.189714507574186
Mozambique,2001,0.4179395942272779
Mozambique,2002,13.108912834613637
Mozambique,2003,25.860643375609236
Mozambique,2004,7.148778247919129
Mozambique,2005,48.172591522500255
Mozambique,2006,0.05020431988328834
Mozambique,2007,4.814892667099793
Mozambique,2008,6.4286399567209855
Mozambique,2009,1.9575450051929044
Mozambique,2010,109.20913484550728
Mozambique,2011,16.200851716825223
Mozambique,2012,80.87290846680393
Mozambique,2013,45.95758487590809
Mozambique,2014,206.45777931126082
Mozambique,2015,279.2704625184677
Mozambique,2016,55.98155065399009
Mozambique,2017,112.76112177688297
Mozambique,2018,9.126740240537009
Mozambique,2019,188.45196665232288
Mozambique,2020,715.1609905263783
Multilateral,2009,12.731947201911892
Multilateral,2011,49.22662470885484
Multilateral,2012,11.226485326596364
Multilateral,2015,49.64829032024555
Multilateral,2017,0.004290443080257369
Multilateral,2018,84.29162089859034
Multilateral,2019,0.15
Myanmar,2002,5.352593978554533
Myanmar,2003,434.23130948900626
Myanmar,2004,0.06734555569945712
Myanmar,2010,0.08998888312493462
Myanmar,2012,0.013567934372539543
Myanmar,2013,195.95400056700794
Myanmar,2014,10.860399339547339
Myanmar,2015,59.14859619136532
Myanmar,2016,24.719459115600728
Myanmar,2017,230.9650955897838
Myanmar,2018,45.24048845857483
Myanmar,2019,41.340011000000004
Myanmar,2020,75.8735645777158
Namibia,2000,0.10730778762064705
Namibia,2001,10.22675908998448
Namibia,2002,0.02767998438412742
Namibia,2003,0.028979000407624602
Namibia,2004,0.10054928949845243
Namibia,2005,0.3978514894449625
Namibia,2006,0.2185513257709494
Namibia,2007,0.011805518482365922
Namibia,2008,46.59863179673142
Namibia,2009,0.09054117352776028
Namibia,2010,47.9260690976167
Namibia,2011,0.10621531262295476
Namibia,2012,0.5273854011350941
Namibia,2014,0.07025688626965214
Namibia,2015,0.027898716627917316
Namibia,2016,11.633826392565757
Namibia,2017,37.14535879769699
Namibia,2018,3.05479988459545
Namibia,2019,0.021722
Namibia,2020,0.000801158688847744
Nauru,2005,2.06533951741589
Nauru,2007,0.3490904230426994
Nauru,2012,4.307698582720807
Nauru,2013,1.5354467587621525
Nauru,2014,0.00777845322606962
Nauru,2015,8.638815653163206
Nauru,2016,2.9466873975366914
Nauru,2017,2.6454133675341835
Nauru,2019,22.0
Nepal,2000,11.778247719386306
Nepal,2001,5.137423822542466
Nepal,2002,41.96383598995299
Nepal,2003,62.60006353926886
Nepal,2004,7.138624250325831
Nepal,2005,39.82642013856924
Nepal,2006,18.593276907553356
Nepal,2007,61.78770073489457
Nepal,2008,53.05446854176995
Nepal,2009,51.31228701327225
Nepal,2010,23.693658588244418
Nepal,2011,160.61806795777443
Nepal,2012,29.81853772062091
Nepal,2013,319.94007289411735
Nepal,2014,386.73585421576877
Nepal,2015,18.58777330416526
Nepal,2016,29.06034920914307
Nepal,2017,10.643889140553549
Nepal,2018,17.509742713234147
Nepal,2019,334.89516000000003
Nepal,2020,42.473924890608906
Netherlands,2014,880.6402857754986
Netherlands,2016,19.61340431844135
Netherlands,2020,2.9159483285113725
New Caledonia,2017,4.272436034260082
Nicaragua,2000,0.026641193646093374
Nicaragua,2001,0.01872286938125068
Nicaragua,2002,0.6833789772535815
Nicaragua,2003,15.283085627952328
Nicaragua,2004,0.18331326357376787
Nicaragua,2005,0.04386621432005214
Nicaragua,2006,0.052194998645006534
Nicaragua,2007,0.09895007094379987
Nicaragua,2008,1.9279034306947092
Nicaragua,2009,9.003165324566028
Nicaragua,2010,122.49176034443978
Nicaragua,2011,28.051384506116612
Nicaragua,2012,88.60309892179612
Nicaragua,2013,14.679476395747939
Nicaragua,2014,51.69571891470312
Nicaragua,2015,67.55622151310175
Nicaragua,2016,178.28020315712246
Nicaragua,2017,65.85184930406761
Nicaragua,2018,19.748716831573923
Nicaragua,2019,7.6623540000000006
Nicaragua,2020,139.72640140586293
Niger,2000,0.18692691740697415
Niger,2001,3.5036402576688324
Niger,2002,1.4093259977800845
Niger,2005,0.044270480274977
Niger,2006,0.09674175199056911
Niger,2008,0.005892463115585069
Niger,2011,0.015781415225640524
Niger,2012,164.24586708699607
Niger,2014,47.52209454901171
Niger,2016,1.1776592908877528
Niger,2017,82.97932153192933
Niger,2018,46.19463113433015
Niger,2019,108.90082963095374
Niger,2020,126.61823573382333
Nigeria,2001,114.33237705387882
Nigeria,2002,510.6569711561006
Nigeria,2004,0.1811265610907135
Nigeria,2005,106.84922138206521
Nigeria,2006,10.212051665163075
Nigeria,2007,0.671592913317864
Nigeria,2008,0.21432593611972606
Nigeria,2009,0.059557232391009116
Nigeria,2010,2.739632984558834
Nigeria,2011,21.733905326822775
Nigeria,2012,218.13980550628884
Nigeria,2013,1066.526671540302
Nigeria,2014,254.50950979707844
Nigeria,2015,47.69181515805064
Nigeria,2016,84.38767092893167
Nigeria,2017,5202.312608015695
Nigeria,2018,587.4248918321574
Nigeria,2019,1174.8673714344047
Nigeria,2020,21.937707248884756
Niue,2005,2.4314000233821904
Niue,2009,3.2034398758128337
Niue,2013,0.3613947009453201
Niue,2015,0.1926384613384761
Niue,2016,0.24646306414925317
Niue,2017,3.509948048552221
Niue,2019,0.098814
Norway,2009,3.662176975778582
Norway,2011,150.57698007493548
Norway,2012,206.65825830584595
Norway,2013,55.119413919985845
Norway,2014,240.25318091358122
Norway,2015,117.78806525197052
Norway,2016,75.26322687664795
Norway,2017,2.9852053079817096
Norway,2018,15.525573742865902
Norway,2019,5.748090239929819
Norway,2020,10.31281806539812
Oman,2000,0.3594660606164742
Oman,2008,19.05119432175343
Oman,2009,11.900847890556685
Oman,2010,0.12296884530029309
Oman,2011,526.4636986209387
Pakistan,2000,0.4185198655650125
Pakistan,2001,434.04248801494407
Pakistan,2002,70.38966985916338
Pakistan,2003,2.7818544944011045
Pakistan,2004,737.2899040230784
Pakistan,2005,17.58928288957824
Pakistan,2006,6.835245590610345
Pakistan,2007,123.67731492730492
Pakistan,2008,138.14821274851806
Pakistan,2009,120.58920609583991
Pakistan,2010,451.0685384537749
Pakistan,2011,1973.0713864122854
Pakistan,2012,1387.435565911634
Pakistan,2013,244.96018237612782
Pakistan,2014,8176.897897608955
Pakistan,2015,3048.4717865918856
Pakistan,2016,1691.9389003548392
Pakistan,2017,5430.774929226788
Pakistan,2018,581.6235365438213
Pakistan,2019,374.836735
Pakistan,2020,1144.7258468744155
Palau,2005,2.296322606584081
Palau,2007,0.38787845771036955
Palau,2009,7.490659217417424
Palau,2011,0.0006665469590179787
Palau,2012,16.510317043267158
Palau,2013,0.013535308004741509
Palau,2015,5.1852222314531415
Palau,2016,0.005305751693921748
Palau,2019,1.1510399999999998
Palau,2020,0.000801158688847744
Panama,2001,0.2321554618779345
Panama,2006,0.0016198822741316338
Panama,2008,0.08113666528676142
Panama,2009,9.320224699124132
Panama,2010,2.110781995851188
Panama,2011,43.02870575430034
Panama,2013,1.806018521577493
Panama,2014,156.4900483842217
Panama,2015,65.2554598029872
Panama,2016,366.66370252952333
Panama,2017,101.56551815083354
Panama,2018,0.35104423764697573
Panama,2019,90.006902
Panama,2020,243.48782412950277
Papua New Guinea,2004,0.006459187384757911
Papua New Guinea,2006,0.005756790152880695
Papua New Guinea,2007,0.040380510679785035
Papua New Guinea,2008,0.04489989378470775
Papua New Guinea,2009,0.03318738225290897
Papua New Guinea,2010,0.07453044985754628
Papua New Guinea,2011,37.76478998851825
Papua New Guinea,2013,6.415917088061012
Papua New Guinea,2014,0.002595475679226716
Papua New Guinea,2015,13.459115258520832
Papua New Guinea,2016,32.338544831637066
Papua New Guinea,2017,0.8327240647486724
Papua New Guinea,2018,0.13397209838287844
Papua New Guinea,2019,0.12343900000000001
Papua New Guinea,2020,0.03474534404521458
Paraguay,2001,0.007777664602247457
Paraguay,2006,191.12972466104398
Paraguay,2009,0.07839585081048836
Paraguay,2010,0.2552620666967198
Paraguay,2011,0.03156585515203112
Paraguay,2013,0.08118896780221992
Paraguay,2015,0.3760296329866958
Paraguay,2016,0.45598946065045454
Paraguay,2018,130.47072070260347
Paraguay,2019,1.1619780000000002
Paraguay,2020,390.4131722625879
Peru,2000,1.0790904797080905
Peru,2001,0.1900122240233415
Peru,2002,88.20209324489117
Peru,2003,0.28389114953893996
Peru,2004,0.10517605256168618
Peru,2005,0.28555878910735777
Peru,2006,31.040148543035894
Peru,2007,0.9222685122583466
Peru,2008,1.0385897395674155
Peru,2009,1.6709688767242654
Peru,2010,91.29159133555201
Peru,2011,223.96488126562596
Peru,2012,238.87773313888786
Peru,2013,292.76596398825745
Peru,2014,279.43780442891466
Peru,2015,85.66939248208658
Peru,2016,102.30579194140061
Peru,2017,548.8251249290406
Peru,2018,68.74872325996867
Peru,2019,1.086306
Peru,2020,1.9210128358967338
Philippines,2000,12.13179144908879
Philippines,2001,0.03665461420823175
Philippines,2002,50.390793830729045
Philippines,2003,32.7542186409153
Philippines,2004,5.841623485912964
Philippines,2005,11.815234535943501
Philippines,2006,68.10229601702949
Philippines,2007,442.9189968175316
Philippines,2008,101.99764314128441
Philippines,2009,26.56609390953863
Philippines,2010,692.9409456053058
Philippines,2011,0.8403563321351131
Philippines,2012,1.7897495101440102
Philippines,2013,53.29915338854378
Philippines,2014,9.286010576344948
Philippines,2015,24.393972605890703
Philippines,2016,98.8883766619288
Philippines,2017,1.509058880904862
Philippines,2018,177.92395196855497
Philippines,2019,2.006704
Philippines,2020,0.8130979659692364
Poland,2005,16.142584514408625
Poland,2009,86.31551080207643
Poland,2010,136.02284629096272
Poland,2011,325.4862959634925
Poland,2012,243.26502895405952
Poland,2013,113.86170293675764
Poland,2014,113.76227042315455
Poland,2015,117.09212289703814
Poland,2017,34.957145256880885
Poland,2018,1.8001969274593126
Poland,2019,22.971609966904186
Poland,2020,173.83262668611908
Portugal,2009,167.66779359337824
Portugal,2010,655.7700851247001
Portugal,2011,646.9963539544864
Portugal,2013,59.48979180941025
Portugal,2016,0.2648308216143392
Portugal,2018,46.5968559496789
Portugal,2019,16.029639059577086
Portugal,2020,8.845043263151162
Qatar,2020,160.03775261486408
Republic of Moldova,2001,1.1273012746402786
Republic of Moldova,2004,0.10581547519695306
Republic of Moldova,2006,2.707545642600222
Republic of Moldova,2007,1.3171311560679688
Republic of Moldova,2008,0.02381399290219179
Republic of Moldova,2009,0.12227964322237066
Republic of Moldova,2010,18.560310909518694
Republic of Moldova,2011,4.0097790011140955
Republic of Moldova,2012,3.3145798289161696
Republic of Moldova,2013,24.016329516676272
Republic of Moldova,2014,31.3306751986991
Republic of Moldova,2015,0.6750854002556533
Republic of Moldova,2016,0.22100588185422873
Republic of Moldova,2017,0.22036507752772483
Republic of Moldova,2018,0.30594070112659927
Republic of Moldova,2019,0.403377
Republic of Moldova,2020,0.1050162325293926
Republic of North Macedonia,2000,0.35802819637400835
Republic of North Macedonia,2002,0.1187278002982039
Republic of North Macedonia,2004,0.2671686212613103
Republic of North Macedonia,2005,0.42875595354312823
Republic of North Macedonia,2006,16.393668154325937
Republic of North Macedonia,2007,0.08866061225887505
Republic of North Macedonia,2008,0.04762798580438358
Republic of North Macedonia,2009,2.1098240437503804
Republic of North Macedonia,2010,36.52228354198649
Republic of North Macedonia,2011,51.014961588349834
Republic of North Macedonia,2013,18.59196439011514
Republic of North Macedonia,2014,0.05451016132093223
Republic of North Macedonia,2015,0.033005254798388804
Republic of North Macedonia,2016,0.00709091030001609
Republic of North Macedonia,2017,4.73968680594643
Republic of North Macedonia,2018,0.5893179648630746
Republic of North Macedonia,2019,0.004821
Republic of North Macedonia,2020,21.348565093011864
Residual/unallocated ODA: Eastern and South-eastern Asia,2000,3.4919492268376153
Residual/unallocated ODA: Eastern and South-eastern Asia,2002,3.240846366222622
Residual/unallocated ODA: Eastern and South-eastern Asia,2003,0.6273141934006143
Residual/unallocated ODA: Eastern and South-eastern Asia,2004,3.5010213225974196
Residual/unallocated ODA: Eastern and South-eastern Asia,2005,3.6291591205013143
Residual/unallocated ODA: Eastern and South-eastern Asia,2006,42.39920720124786
Residual/unallocated ODA: Eastern and South-eastern Asia,2007,11.720408312394252
Residual/unallocated ODA: Eastern and South-eastern Asia,2008,12.232658951398646
Residual/unallocated ODA: Eastern and South-eastern Asia,2009,16.062393784895328
Residual/unallocated ODA: Eastern and South-eastern Asia,2010,39.43477817305279
Residual/unallocated ODA: Eastern and South-eastern Asia,2011,53.994910904588416
Residual/unallocated ODA: Eastern and South-eastern Asia,2012,41.46821595843846
Residual/unallocated ODA: Eastern and South-eastern Asia,2013,191.45639687092142
Residual/unallocated ODA: Eastern and South-eastern Asia,2014,60.32911798686742
Residual/unallocated ODA: Eastern and South-eastern Asia,2015,66.23302046641707
Residual/unallocated ODA: Eastern and South-eastern Asia,2016,82.214513291717
Residual/unallocated ODA: Eastern and South-eastern Asia,2017,170.95992685606086
Residual/unallocated ODA: Eastern and South-eastern Asia,2018,325.08860867387693
Residual/unallocated ODA: Eastern and South-eastern Asia,2019,62.32186402162614
Residual/unallocated ODA: Eastern and South-eastern Asia,2020,2.0958959236339423
Residual/unallocated ODA: Latin America and the Caribbean,2000,2.30662373554072
Residual/unallocated ODA: Latin America and the Caribbean,2001,1.6712642585478554
Residual/unallocated ODA: Latin America and the Caribbean,2003,4.3469116203585765
Residual/unallocated ODA: Latin America and the Caribbean,2004,3.5768101576684743
Residual/unallocated ODA: Latin America and the Caribbean,2006,129.59620542718088
Residual/unallocated ODA: Latin America and the Caribbean,2007,66.50594326910517
Residual/unallocated ODA: Latin America and the Caribbean,2008,17.16522992455741
Residual/unallocated ODA: Latin America and the Caribbean,2009,4.339545793131417
Residual/unallocated ODA: Latin America and the Caribbean,2010,10.586036668877048
Residual/unallocated ODA: Latin America and the Caribbean,2011,80.66146491232546
Residual/unallocated ODA: Latin America and the Caribbean,2012,333.35306232035737
Residual/unallocated ODA: Latin America and the Caribbean,2013,65.94806547023558
Residual/unallocated ODA: Latin America and the Caribbean,2014,26.4480779442964
Residual/unallocated ODA: Latin America and the Caribbean,2015,117.16674157581171
Residual/unallocated ODA: Latin America and the Caribbean,2016,160.9548160686012
Residual/unallocated ODA: Latin America and the Caribbean,2017,64.68646964166233
Residual/unallocated ODA: Latin America and the Caribbean,2018,250.65839162975496
Residual/unallocated ODA: Latin America and the Caribbean,2019,59.64003272007305
Residual/unallocated ODA: Latin America and the Caribbean,2020,37.07468108218034
Residual/unallocated ODA: Northern America and Europe,2004,0.07687989261978344
Residual/unallocated ODA: Northern America and Europe,2006,4.081293324781074
Residual/unallocated ODA: Northern America and Europe,2007,26.638811675775834
Residual/unallocated ODA: Northern America and Europe,2008,21.57416780522037
Residual/unallocated ODA: Northern America and Europe,2009,8.848385856693138
Residual/unallocated ODA: Northern America and Europe,2010,17.36289531802654
Residual/unallocated ODA: Northern America and Europe,2011,5.7978393213155535
Residual/unallocated ODA: Northern America and Europe,2012,1.1765356622272989
Residual/unallocated ODA: Northern America and Europe,2013,0.31899098937462655
Residual/unallocated ODA: Northern America and Europe,2014,0.6727946497490394
Residual/unallocated ODA: Northern America and Europe,2015,0.7559768111470565
Residual/unallocated ODA: Northern America and Europe,2016,18.848008112217713
Residual/unallocated ODA: Northern America and Europe,2017,53.95301597171276
Residual/unallocated ODA: Northern America and Europe,2018,33.08915977299173
Residual/unallocated ODA: Northern America and Europe,2019,22.113472916732924
Residual/unallocated ODA: Northern America and Europe,2020,8.988564306046532
Residual/unallocated ODA: Oceania excl. Aus. and N. Zealand,2002,0.053404109979812396
Residual/unallocated ODA: Oceania excl. Aus. and N. Zealand,2003,0.04999210090867765
Residual/unallocated ODA: Oceania excl. Aus. and N. Zealand,2004,0.033189844309139085
Residual/unallocated ODA: Oceania excl. Aus. and N. Zealand,2008,0.034394980187201295
Residual/unallocated ODA: Oceania excl. Aus. and N. Zealand,2009,0.45041922724427946
Residual/unallocated ODA: Oceania excl. Aus. and N. Zealand,2010,0.8426833609960008
Residual/unallocated ODA: Oceania excl. Aus. and N. Zealand,2012,1.3259518532981374
Residual/unallocated ODA: Oceania excl. Aus. and N. Zealand,2013,1.5411520789009454
Residual/unallocated ODA: Oceania excl. Aus. and N. Zealand,2015,1.9954732608265302
Residual/unallocated ODA: Oceania excl. Aus. and N. Zealand,2016,0.21125391047738612
Residual/unallocated ODA: Oceania excl. Aus. and N. Zealand,2017,8.157315937888992
Residual/unallocated ODA: Oceania excl. Aus. and N. Zealand,2018,0.34822606155451213
Residual/unallocated ODA: Oceania excl. Aus. and N. Zealand,2019,21.886854
Residual/unallocated ODA: Oceania excl. Aus. and N. Zealand,2020,4.300832076805278
Residual/unallocated ODA: Sub-Saharan Africa,2000,10.33240607525052
Residual/unallocated ODA: Sub-Saharan Africa,2001,121.5614876636024
Residual/unallocated ODA: Sub-Saharan Africa,2002,0.4021148051606033
Residual/unallocated ODA: Sub-Saharan Africa,2003,0.1303166091388116
Residual/unallocated ODA: Sub-Saharan Africa,2004,3.0326067869749997
Residual/unallocated ODA: Sub-Saharan Africa,2005,1.912792733664112
Residual/unallocated ODA: Sub-Saharan Africa,2006,48.620252541619266
Residual/unallocated ODA: Sub-Saharan Africa,2007,10.706405302345628
Residual/unallocated ODA: Sub-Saharan Africa,2008,58.023813315331715
Residual/unallocated ODA: Sub-Saharan Africa,2009,90.74822809621882
Residual/unallocated ODA: Sub-Saharan Africa,2010,31.037014264032667
Residual/unallocated ODA: Sub-Saharan Africa,2011,97.2149011446274
Residual/unallocated ODA: Sub-Saharan Africa,2012,44.03773688180249
Residual/unallocated ODA: Sub-Saharan Africa,2013,74.3046355273492
Residual/unallocated ODA: Sub-Saharan Africa,2014,201.25982529753563
Residual/unallocated ODA: Sub-Saharan Africa,2015,154.57679489726883
Residual/unallocated ODA: Sub-Saharan Africa,2016,818.6505583925216
Residual/unallocated ODA: Sub-Saharan Africa,2017,362.31592569397185
Residual/unallocated ODA: Sub-Saharan Africa,2018,198.63758569389415
Residual/unallocated ODA: Sub-Saharan Africa,2019,700.1856162510688
Residual/unallocated ODA: Sub-Saharan Africa,2020,272.2719142764713
Residual/unallocated ODA: Western Asia and Northern Africa,2007,5.339496325958476
Residual/unallocated ODA: Western Asia and Northern Africa,2008,1.3696179821237886
Residual/unallocated ODA: Western Asia and Northern Africa,2009,0.0663948302976705
Residual/unallocated ODA: Western Asia and Northern Africa,2010,1.833882855133372
Residual/unallocated ODA: Western Asia and Northern Africa,2011,0.99484797805205
Residual/unallocated ODA: Western Asia and Northern Africa,2012,16.626819861639127
Residual/unallocated ODA: Western Asia and Northern Africa,2014,324.3758793073958
Residual/unallocated ODA: Western Asia and Northern Africa,2015,35.631448653474564
Residual/unallocated ODA: Western Asia and Northern Africa,2016,10.625786386395568
Residual/unallocated ODA: Western Asia and Northern Africa,2017,25.180581827123735
Residual/unallocated ODA: Western Asia and Northern Africa,2018,1.9358572179145526
Residual/unallocated ODA: Western Asia and Northern Africa,2019,4.383788
Romania,2009,19.973905676034555
Romania,2010,354.5632241511164
Romania,2011,198.27874864578797
Romania,2012,188.47747126994489
Romania,2013,491.15930888685847
Romania,2014,119.78821715838654
Romania,2018,15.337667054024099
Russian Federation,2008,5.463709151936936
Russian Federation,2009,20048.334679152293
Russian Federation,2012,36.505579213273855
Russian Federation,2013,1992.2763222028952
Russian Federation,2016,11380.294150986243
Russian Federation,2017,1230.2279992735187
Rwanda,2000,0.1495681411436999
Rwanda,2005,24.943043011193637
Rwanda,2006,7.300906094322026
Rwanda,2007,20.645501666139012
Rwanda,2008,26.60593714952429
Rwanda,2009,23.366788786158093
Rwanda,2010,2.119975793225161
Rwanda,2011,30.2128236923322
Rwanda,2012,0.7187567072485883
Rwanda,2013,96.71535558126884
Rwanda,2014,48.483529822690585
Rwanda,2015,0.04944075706785979
Rwanda,2016,41.62747333321787
Rwanda,2017,81.04333960153845
Rwanda,2018,15.83910665309543
Rwanda,2019,1.561303
Rwanda,2020,269.1959994952753
Réunion,2011,8.400707664339876
Réunion,2012,15.398439332277597
Réunion,2013,10.58643816291446
Réunion,2014,10.974557974819245
Réunion,2015,1.624262496845547
Saint Helena,2000,2.349139718945393
Saint Helena,2002,0.15083986472899058
Saint Helena,2003,0.16529497610274393
Saint Helena,2008,0.12237497083176067
Saint Helena,2015,1.418404542546879
Saint Kitts and Nevis,2002,1.1502757196642863
Saint Kitts and Nevis,2008,0.3641344148701888
Saint Kitts and Nevis,2011,18.40984268680727
Saint Lucia,2002,1.8430552708473986
Saint Lucia,2014,0.9334163762769428
Saint Lucia,2015,0.01136138393770709
Saint Lucia,2017,9.768904360668483
Saint Vincent and the Grenadines,2008,0.36194735498638525
Saint Vincent and the Grenadines,2013,0.012534349614726204
Saint Vincent and the Grenadines,2014,0.024958620485269176
Saint Vincent and the Grenadines,2016,31.692945556421794
Saint Vincent and the Grenadines,2017,3.0986552705040222
Samoa,2002,8.534462268930369
Samoa,2007,41.364010123984386
Samoa,2009,0.002233916147229268
Samoa,2010,0.2795285514364469
Samoa,2013,4.7045517796018395
Samoa,2014,32.45930444085428
Samoa,2015,0.008609441456182946
Samoa,2016,0.0034481384028937152
Samoa,2017,2.048500628643873
Sao Tome and Principe,2001,1.094708781488151
Sao Tome and Principe,2002,1.2163932799878017
Sao Tome and Principe,2003,0.0036750695195291033
Sao Tome and Principe,2004,0.06643335293829704
Sao Tome and Principe,2005,0.18889668741428547
Sao Tome and Principe,2010,0.12086144453540427
Sao Tome and Principe,2011,0.2560129902319646
Sao Tome and Principe,2012,0.020113236760131346
Sao Tome and Principe,2013,5.060021185665087
Sao Tome and Principe,2014,0.12063224527841913
Sao Tome and Principe,2015,0.35473516509373615
Sao Tome and Principe,2016,0.3099977420821169
Sao Tome and Principe,2017,0.009289499850681577
Sao Tome and Principe,2020,13.559455412908228
Saudi Arabia,2012,1002.0686177139551
Saudi Arabia,2013,1248.639363776217
Senegal,2000,0.1610287868798085
Senegal,2001,11.492559603757707
Senegal,2002,2.033397338021977
Senegal,2003,33.84253942786167
Senegal,2004,26.78199020870361
Senegal,2005,41.662033706733546
Senegal,2006,33.408440929804875
Senegal,2007,0.7138765587453691
Senegal,2009,38.08938505790472
Senegal,2010,1.0897990869628702
Senegal,2011,141.66838490996756
Senegal,2012,15.673661579767227
Senegal,2013,19.341763764526508
Senegal,2014,38.960929719269885
Senegal,2015,254.52691121085707
Senegal,2016,350.5881840093457
Senegal,2017,34.450713005874135
Senegal,2018,186.26586770176527
Senegal,2019,288.36804214698293
Senegal,2020,146.4367803422383
Serbia,2000,19.506332051322815
Serbia,2001,9.355835187865482
Serbia,2002,56.76868289558602
Serbia,2003,115.2281904998315
Serbia,2004,18.55994462682116
Serbia,2005,89.70794254727055
Serbia,2006,39.85263821171087
Serbia,2007,57.46100665487044
Serbia,2008,100.27403341477391
Serbia,2009,1.8230540970192923
Serbia,2010,91.40809720490394
Serbia,2011,328.9168369058371
Serbia,2012,96.99227659733332
Serbia,2013,40.31286104769532
Serbia,2014,622.934738706333
Serbia,2015,4.554664182508832
Serbia,2016,286.30191875702894
Serbia,2017,462.3215286287281
Serbia,2018,98.1977430134297
Serbia,2019,74.683078
Serbia,2020,0.24087419598331095
Seychelles,2011,0.010605562112391102
Seychelles,2014,0.08399214459949189
Seychelles,2015,0.04353691248942267
Seychelles,2016,0.6722269357228289
Seychelles,2017,0.9460604264510073
Sierra Leone,2004,34.261832129697346
Sierra Leone,2005,56.41213692939222
Sierra Leone,2006,0.007250269979098267
Sierra Leone,2007,15.545523431162858
Sierra Leone,2008,15.597730792572321
Sierra Leone,2009,0.04893041216683215
Sierra Leone,2010,9.305676991919343
Sierra Leone,2014,8.578052546937084
Sierra Leone,2015,0.17563422447592825
Sierra Leone,2016,45.49290716404546
Sierra Leone,2017,20.338850198977134
Sierra Leone,2018,0.24123887255799037
Sierra Leone,2019,0.171001
Sierra Leone,2020,1.437582839867831
Slovakia,2013,71.8994903158894
Slovenia,2000,0.03175047402593717
Slovenia,2001,0.06551654614320174
Slovenia,2002,0.018608163401284145
Slovenia,2010,9.42817412652361
Solomon Islands,2001,0.45878237405161204
Solomon Islands,2002,0.9790575953769565
Solomon Islands,2005,6.24920896345046
Solomon Islands,2006,6.8764546387331675
Solomon Islands,2008,0.08534551107476196
Solomon Islands,2009,0.08303057015410863
Solomon Islands,2011,0.01032609070853207
Solomon Islands,2012,1.08543100506526
Solomon Islands,2013,0.012349587919649463
Solomon Islands,2014,13.064272353868404
Solomon Islands,2015,6.828619428798535
Solomon Islands,2016,7.104953371039632
Solomon Islands,2017,163.08628316962034
Solomon Islands,2018,20.553502300430424
Solomon Islands,2019,46.399517
Solomon Islands,2020,0.485607887351036
Somalia,2013,3.343476977245366
Somalia,2015,0.3090064760205052
Somalia,2016,0.8019581974321468
Somalia,2017,0.017465516359817662
Somalia,2018,3.206406515872655
Somalia,2019,21.485064
Somalia,2020,0.10615846693149146
South Africa,2000,7.021337653391082
South Africa,2001,1.2468433537805497
South Africa,2002,26.295016582992933
South Africa,2004,0.038258248369722594
South Africa,2005,13.112459140068484
South Africa,2006,8.47223477993753
South Africa,2007,1.2025155957674656
South Africa,2008,1.2385849622212284
South Africa,2009,2702.555974071042
South Africa,2010,3686.1160836128656
South Africa,2011,265.9778349948801
South Africa,2012,502.9069840006353
South Africa,2013,387.3054476398335
South Africa,2014,202.2831547988696
South Africa,2015,730.9023483974636
South Africa,2016,728.8411106415621
South Africa,2017,1565.1590240070827
South Africa,2018,2801.8693256575443
South Africa,2019,164.19346486981314
South Africa,2020,6.810289966660656
South Sudan,2011,0.9934818803251678
South Sudan,2012,1.6672498802196156
South Sudan,2013,28.431697243033458
South Sudan,2014,0.01284717542189928
South Sudan,2015,0.07161440803557549
South Sudan,2016,0.029104585132003605
South Sudan,2017,0.29575455073770246
South Sudan,2018,0.28485263722048876
South Sudan,2019,0.1
Spain,2009,692.8875724480915
Spain,2010,3.40181220004441
Spain,2011,293.59601665055106
Spain,2012,340.5014321456305
Spain,2013,322.8617859008803
Spain,2015,9.161009386164075
Spain,2016,4.2500050252669155
Spain,2017,40.053931416728865
Spain,2018,54.665463397998906
Spain,2019,77.78850223835377
Spain,2020,69.24237758711176
Sri Lanka,2000,1.472845033585576
Sri Lanka,2001,3.807107078976746
Sri Lanka,2002,573.3239491157617
Sri Lanka,2003,0.05786385655202559
Sri Lanka,2004,0.130417574715592
Sri Lanka,2005,24.75696226362978
Sri Lanka,2006,813.641279413973
Sri Lanka,2007,38.21185487251023
Sri Lanka,2008,11.024111933139768
Sri Lanka,2009,1210.9855883607959
Sri Lanka,2010,46.10786740282714
Sri Lanka,2011,7.091905725598223
Sri Lanka,2012,225.57670317772047
Sri Lanka,2013,2.3385387661442048
Sri Lanka,2014,119.74545745364064
Sri Lanka,2015,1.2351385309670762
Sri Lanka,2016,61.25818174572522
Sri Lanka,2017,211.64140443394336
Sri Lanka,2018,1169.9218143277199
Sri Lanka,2019,0.183555
Sri Lanka,2020,0.07054749085394257
State of Palestine,2000,0.13874497405655178
State of Palestine,2001,0.028576694738631975
State of Palestine,2005,0.031416300757774754
State of Palestine,2007,0.4032424090277316
State of Palestine,2008,0.0850804662299506
State of Palestine,2009,5.4846496041987525
State of Palestine,2010,1.3839649786507922
State of Palestine,2011,0.8048265482733666
State of Palestine,2012,1.3433305528512798
State of Palestine,2013,0.9636976516645848
State of Palestine,2014,1.9750153414204792
State of Palestine,2015,23.454599069458844
State of Palestine,2016,2.891413404496558
State of Palestine,2017,21.54586237029002
State of Palestine,2018,38.92197012792557
State of Palestine,2019,18.536910782752344
State of Palestine,2020,10.554822601748105
Sudan,2000,340.27347534162806
Sudan,2003,1697.3012967631366
Sudan,2009,908.8578387882374
Sudan,2010,85.55356698286182
Sudan,2011,129.715619863284
Sudan,2012,0.12644481916905959
Sudan,2013,85.84454030948247
Sudan,2014,0.3988707869470495
Sudan,2015,0.031637664904535505
Sudan,2016,0.04354431368789107
Sudan,2017,175.5817977362921
Sudan,2018,2.4712236461956256
Sudan,2019,207.16534600000003
Sudan,2020,18.06578786285378
Suriname,2009,0.395383388890136
Suriname,2011,4.062059030026464
Suriname,2013,0.02469473747673584
Suriname,2014,0.00037803363239216186
Suriname,2017,0.01497422716860924
Suriname,2018,0.28644699582827227
Suriname,2019,22.5
Suriname,2020,2.922190031642041
Sweden,2008,8.30350934944823
Sweden,2010,57.28272625812543
Sweden,2011,184.00311947246098
Sweden,2012,82.23210619779275
Sweden,2013,75.9317982442495
Sweden,2014,241.27526160723977
Sweden,2015,11.832670359408985
Sweden,2016,120.98599329866964
Sweden,2017,45.127949773703925
Sweden,2019,19.41088261047429
Syrian Arab Republic,2006,0.006960220188974592
Syrian Arab Republic,2009,189.1621983154315
Syrian Arab Republic,2010,107.79496756231768
Syrian Arab Republic,2011,162.04817509690085
Syrian Arab Republic,2016,11.95217901190078
Syrian Arab Republic,2017,5.197297357200353
Syrian Arab Republic,2018,0.05719947656144559
Tajikistan,2002,20.923065550953325
Tajikistan,2003,20.781273688762475
Tajikistan,2005,5.603797585115423
Tajikistan,2006,1.0842398008487542
Tajikistan,2007,22.868977163898496
Tajikistan,2008,36.46383351575601
Tajikistan,2009,0.17097217358250522
Tajikistan,2010,10.49420573604387
Tajikistan,2011,3.857650387777309
Tajikistan,2012,8.558850342901328
Tajikistan,2013,146.6574901638853
Tajikistan,2014,328.0545270651343
Tajikistan,2015,0.8682577462346156
Tajikistan,2016,0.09162438793302191
Tajikistan,2017,354.7113918853983
Tajikistan,2019,54.26579530953733
Tajikistan,2020,45.52432459237742
Thailand,2000,0.14907043449737092
Thailand,2001,6.493135565046972
Thailand,2002,11.163838246187371
Thailand,2003,3.6537766835405634
Thailand,2004,1.5616098862998895
Thailand,2006,0.12482619210170479
Thailand,2007,0.5497506080222518
Thailand,2008,6.54517450062202
Thailand,2009,9.368132041625222
Thailand,2010,5.388129501013871
Thailand,2011,1182.6099572590224
Thailand,2012,510.7806569034623
Thailand,2013,56.4663442834816
Thailand,2014,4.369219339868008
Thailand,2015,56.82681446895287
Thailand,2016,0.4203202219284433
Thailand,2017,69.46282530388267
Thailand,2018,639.0629691109949
Thailand,2019,332.155994
Thailand,2020,53.16324097300409
Timor-Leste,2003,4.088143280755107
Timor-Leste,2004,4.62514542336241
Timor-Leste,2005,1.392166946793859
Timor-Leste,2006,1.4462076909868706
Timor-Leste,2007,2.8020810641624174
Timor-Leste,2008,0.07066151549785013
Timor-Leste,2009,0.14790407667382854
Timor-Leste,2010,5.057543261578361
Timor-Leste,2011,0.23556730334436785
Timor-Leste,2012,1.9884863569844808
Timor-Leste,2013,0.4735878084580205
Timor-Leste,2014,0.012527025922813389
Timor-Leste,2015,0.003614225229079132
Timor-Leste,2016,1.052568027002734
Timor-Leste,2019,0.015000999999999999
Timor-Leste,2020,0.000801158688847744
Togo,2006,0.02425921099118324
Togo,2007,0.5011590624700258
Togo,2009,245.88628801430906
Togo,2012,0.020263251527135488
Togo,2013,0.15618447088170273
Togo,2014,9.174592475015618
Togo,2015,4.806031680229521
Togo,2016,0.049553040014278245
Togo,2017,0.0035448991289729133
Togo,2018,17.712122717340936
Togo,2019,1.1484290000000001
Togo,2020,16.508555155021067
Tokelau,2002,0.2883218916188119
Tokelau,2003,0.21810474026890495
Tokelau,2004,0.014020078579426401
Tokelau,2005,1.2083313643154754
Tokelau,2008,0.6503048399418003
Tokelau,2011,5.289976967194869
Tokelau,2019,3.9525690000000004
Tonga,2000,4.759987503222664
Tonga,2002,1.1038583849768702
Tonga,2003,0.026992909043683073
Tonga,2004,0.43921472101511355
Tonga,2005,0.7608017945844947
Tonga,2006,0.4373018072120296
Tonga,2009,0.002960045220816599
Tonga,2010,5.656535298151996
Tonga,2011,12.106458919028281
Tonga,2012,9.10103690535651
Tonga,2013,17.551782582092322
Tonga,2014,2.5079771566002322
Tonga,2015,14.14377949289326
Tonga,2016,2.914174457984866
Tonga,2017,20.469449924426907
Tonga,2018,36.99821420963926
Tonga,2019,2.448057
Tonga,2020,0.1176884482966448
Trinidad and Tobago,2010,0.17962735628620055
Trinidad and Tobago,2020,0.2434827223199346
Tunisia,2000,4.39466727871683
Tunisia,2001,4.40344257557846
Tunisia,2002,5.28042417186632
Tunisia,2003,0.4206479611444793
Tunisia,2004,0.2776391957752167
Tunisia,2005,17.627826707589374
Tunisia,2006,24.439366391650793
Tunisia,2007,1.642270198208402
Tunisia,2008,235.95082438054934
Tunisia,2009,175.10244567178307
Tunisia,2010,257.26879319762696
Tunisia,2011,11.124934862340664
Tunisia,2012,514.5849046638384
Tunisia,2013,9.439617309512444
Tunisia,2014,358.53808237605233
Tunisia,2015,428.5053432899217
Tunisia,2016,99.22996180538546
Tunisia,2017,22.17837315357344
Tunisia,2018,18.60165179844093
Tunisia,2019,80.13241196727009
Tunisia,2020,18.754106534294085
Turkmenistan,2000,0.1869223515205666
Turkmenistan,2009,4009.713153842816
Turkmenistan,2010,0.07892717170151237
Turkmenistan,2011,4489.141594846467
Turkmenistan,2013,5.937274174464669
Turkmenistan,2014,0.2862423558831853
Turkmenistan,2015,0.43472764529082863
Turkmenistan,2016,0.07987042084704096
Turkmenistan,2017,0.06171415418883964
Turkmenistan,2018,2.94294858727677e-05
Turkmenistan,2019,0.03606
Tuvalu,2005,8.187703262953711
Tuvalu,2008,0.02853679421294726
Tuvalu,2009,0.011816911188692285
Tuvalu,2010,0.5285790973471187
Tuvalu,2011,0.01032609070853207
Tuvalu,2012,2.3176241777032196
Tuvalu,2013,4.758499118145755
Tuvalu,2014,20.30912028862703
Tuvalu,2015,8.56384614934191
Tuvalu,2018,0.392393144970236
Tuvalu,2019,6.16469
Tuvalu,2020,1.057120611686128
Türkiye,2000,262.4586406297099
Türkiye,2001,0.0070350139963010466
Türkiye,2002,0.526335771279073
Türkiye,2003,0.004079520571478823
Türkiye,2004,128.91849669574398
Türkiye,2005,37.21652858115363
Türkiye,2006,263.032050530039
Türkiye,2007,1.6353476675696426
Türkiye,2008,67.49527258148535
Türkiye,2009,495.8883282146394
Türkiye,2010,273.6246126694866
Türkiye,2011,1049.0261588574679
Türkiye,2012,851.4947858363734
Türkiye,2013,718.7277639570474
Türkiye,2014,515.9696643736033
Türkiye,2015,511.1762210911863
Türkiye,2016,1446.6569276933644
Türkiye,2017,404.0921528586999
Türkiye,2018,1062.5303853489963
Türkiye,2019,1741.1249839999998
Türkiye,2020,358.8296966045526
Uganda,2000,37.95629578797291
Uganda,2001,77.80733642097123
Uganda,2002,3.705169725684192
Uganda,2003,0.633139981028724
Uganda,2004,0.032329826221463534
Uganda,2005,0.07053839699965186
Uganda,2006,0.14809928036320186
Uganda,2007,581.9057923139928
Uganda,2008,19.8673869961833
Uganda,2009,74.30375083786011
Uganda,2010,29.807172652082965
Uganda,2011,27.100487312515614
Uganda,2012,23.249319306906397
Uganda,2013,1470.09257935157
Uganda,2014,32.256922417372095
Uganda,2015,521.3684471230504
Uganda,2016,210.11661734893067
Uganda,2017,91.70479144144315
Uganda,2018,542.6588412956261
Uganda,2019,70.983663
Uganda,2020,0.8487500748365047
Ukraine,2005,167.1418912181011
Ukraine,2006,115.24556813444438
Ukraine,2007,43.94888938198404
Ukraine,2008,62.94975362590204
Ukraine,2009,120.45548662849374
Ukraine,2010,64.51544124136852
Ukraine,2011,101.07964149819576
Ukraine,2012,3690.93084532428
Ukraine,2013,80.9282939975142
Ukraine,2014,399.0737457125275
Ukraine,2015,61.22433463488231
Ukraine,2016,299.1613581979811
Ukraine,2017,76.29319065110577
Ukraine,2018,344.38637306658046
Ukraine,2019,385.5626365000013
Ukraine,2020,81.3933215801852
United Arab Emirates,2007,1415.8114430798018
United Arab Emirates,2009,0.9485463629441134
United Arab Emirates,2011,302.1312474151728
United Arab Emirates,2016,3142.1070306864563
United Arab Emirates,2019,796.0
United Arab Emirates,2020,455.86511350900685
United Kingdom of Great Britain and Northern Ireland,2010,1546.3897102052065
United Kingdom of Great Britain and Northern Ireland,2011,316.5314729641619
United Kingdom of Great Britain and Northern Ireland,2012,151.56369635919458
United Kingdom of Great Britain and Northern Ireland,2013,834.2524573481096
United Kingdom of Great Britain and Northern Ireland,2014,2110.0376347794304
United Kingdom of Great Britain and Northern Ireland,2015,9292.827945731131
United Kingdom of Great Britain and Northern Ireland,2016,625.9198566831077
United Kingdom of Great Britain and Northern Ireland,2017,970.0309388325105
United Kingdom of Great Britain and Northern Ireland,2018,1020.6475700884647
United Republic of Tanzania,2000,0.5570823093398328
United Republic of Tanzania,2001,152.11022142120174
United Republic of Tanzania,2002,1.5903422414813493
United Republic of Tanzania,2003,3.767762659591539
United Republic of Tanzania,2004,25.144583244107825
United Republic of Tanzania,2005,0.046037192834651484
United Republic of Tanzania,2006,0.1275589649870699
United Republic of Tanzania,2007,20.06678211226889
United Republic of Tanzania,2008,62.56620532276995
United Republic of Tanzania,2009,0.6486810079613987
United Republic of Tanzania,2010,29.3408630486279
United Republic of Tanzania,2011,8.39501142953167
United Republic of Tanzania,2012,3.498015799832035
United Republic of Tanzania,2013,178.00252120861467
United Republic of Tanzania,2014,50.25975087853974
United Republic of Tanzania,2015,37.33545494727576
United Republic of Tanzania,2016,152.4274945436578
United Republic of Tanzania,2017,26.2450443083873
United Republic of Tanzania,2018,20.48883437457661
United Republic of Tanzania,2019,5.672054
United Republic of Tanzania,2020,16.263965059043407
United States of America,2010,55.50230787476512
United States of America,2011,117.63850284670471
United States of America,2012,22.01182070671057
United States of America,2013,35.06314245494657
United States of America,2017,6.306025939145071
"Unspecified, developing countries",2000,19.907640092002957
"Unspecified, developing countries",2001,17.376198617409006
"Unspecified, developing countries",2002,7.135626230705364
"Unspecified, developing countries",2003,3.421143875035571
"Unspecified, developing countries",2004,11.303847931696023
"Unspecified, developing countries",2005,4.593958676011643
"Unspecified, developing countries",2006,3.8797715396813106
"Unspecified, developing countries",2007,4.977078962103286
"Unspecified, developing countries",2008,91.62395668048006
"Unspecified, developing countries",2009,208.80769151652663
"Unspecified, developing countries",2010,876.7761346866023
"Unspecified, developing countries",2011,506.8929960129627
"Unspecified, developing countries",2012,176.12724333114676
"Unspecified, developing countries",2013,200.05627505119907
"Unspecified, developing countries",2014,124.4822291816926
"Unspecified, developing countries",2015,252.21080790043948
"Unspecified, developing countries",2016,1014.9982558206754
"Unspecified, developing countries",2017,693.8403288422452
"Unspecified, developing countries",2018,484.6027842257067
"Unspecified, developing countries",2019,612.6632875386922
"Unspecified, developing countries",2020,183.74275492395913
Uruguay,2001,2.618248121745163
Uruguay,2003,47.041619253007156
Uruguay,2005,0.0033512160552114194
Uruguay,2006,1.6221825811267296e-05
Uruguay,2007,1.3886310346997464
Uruguay,2008,0.4286518722394521
Uruguay,2009,6.803962214192666
Uruguay,2010,1.2103311575261646
Uruguay,2011,7.770566347813488
Uruguay,2012,290.70171151138584
Uruguay,2013,278.7297214614276
Uruguay,2014,275.6029629041635
Uruguay,2015,518.6828104758631
Uruguay,2016,69.86201589634567
Uruguay,2017,18.293110613789786
Uruguay,2019,0.2
Uzbekistan,2000,0.2588155636438615
Uzbekistan,2001,1.1256022394081675
Uzbekistan,2002,217.85691987290392
Uzbekistan,2004,7.691369114385519
Uzbekistan,2007,310.97808311285394
Uzbekistan,2008,2.905307134067398
Uzbekistan,2009,9.513422880058872
Uzbekistan,2010,271.6150404015251
Uzbekistan,2012,324.18672570935183
Uzbekistan,2013,696.3303896121084
Uzbekistan,2014,787.5576329521994
Uzbekistan,2015,112.41642567699238
Uzbekistan,2016,0.6938161817321601
Uzbekistan,2017,1290.359361778208
Uzbekistan,2018,1289.767780113926
Uzbekistan,2019,1577.846876
Uzbekistan,2020,216.06424700741007
Vanuatu,2007,12.720468123217307
Vanuatu,2008,0.02560354980682332
Vanuatu,2010,0.8904063563847033
Vanuatu,2012,3.0488705493924178
Vanuatu,2013,4.754255593885507
Vanuatu,2014,8.540608626809261
Vanuatu,2015,7.26228728234032
Vanuatu,2017,17.7685470571781
Vanuatu,2018,1.784540660681707
Vanuatu,2019,0.15327800000000003
Vanuatu,2020,0.11095354862245503
Venezuela (Bolivarian Republic of),2000,0.8540913600247427
Venezuela (Bolivarian Republic of),2001,0.002814005598520418
Venezuela (Bolivarian Republic of),2002,0.32549712171205836
Venezuela (Bolivarian Republic of),2004,0.01930704700815192
Venezuela (Bolivarian Republic of),2006,811.1784512631448
Venezuela (Bolivarian Republic of),2009,0.19400513633649677
Venezuela (Bolivarian Republic of),2010,1273.4439417703115
Venezuela (Bolivarian Republic of),2011,1993.4128407039343
Venezuela (Bolivarian Republic of),2012,0.008655674978177519
Venezuela (Bolivarian Republic of),2013,3984.565115493544
Venezuela (Bolivarian Republic of),2014,4.351973331771618
Venezuela (Bolivarian Republic of),2015,0.3519321468196327
Venezuela (Bolivarian Republic of),2016,2311.7864387968357
Venezuela (Bolivarian Republic of),2018,0.392393144970236
Viet Nam,2000,104.06185340338654
Viet Nam,2001,180.78210954430253
Viet Nam,2002,453.53635832420866
Viet Nam,2003,188.0735763718573
Viet Nam,2004,462.342746721106
Viet Nam,2005,691.2890233611522
Viet Nam,2006,264.2376045435365
Viet Nam,2007,301.44691092929367
Viet Nam,2008,716.4032140865532
Viet Nam,2009,1110.7352340481314
Viet Nam,2010,1361.0058840407883
Viet Nam,2011,3511.2164945716013
Viet Nam,2012,539.5016196584944
Viet Nam,2013,361.4970566316174
Viet Nam,2014,2268.589393586721
Viet Nam,2015,435.20592762454265
Viet Nam,2016,807.6031754791156
Viet Nam,2017,1869.924791032323
Viet Nam,2018,105.81964946370603
Viet Nam,2019,2040.8150649999998
Viet Nam,2020,161.2712014979885
Yemen,2000,1.4800429299677886
Yemen,2001,0.03287628117904137
Yemen,2002,0.0035935332014727472
Yemen,2004,0.10896918242784293
Yemen,2005,0.1383609962913287
Yemen,2006,27.16173784542097
Yemen,2007,0.11245020832547653
Yemen,2008,0.15266995986721568
Yemen,2009,90.25028363424508
Yemen,2010,0.7489714143031352
Yemen,2011,143.83114112931702
Yemen,2012,79.62583797017531
Yemen,2013,0.6560523949684718
Yemen,2014,18.668327525538857
Yemen,2015,189.19464204852127
Yemen,2017,0.00615612860124736
Yemen,2018,55.72613430557891
Yemen,2019,2.7591029999999996
Yemen,2020,2.527237935314306
Zambia,2000,0.011491694506187892
Zambia,2004,4.838309570922489
Zambia,2005,10.297286649415735
Zambia,2006,0.10912423894967285
Zambia,2007,0.02569769558132929
Zambia,2008,19.439792074213344
Zambia,2009,254.18997385321654
Zambia,2010,398.48791751708063
Zambia,2011,75.36442428651519
Zambia,2012,0.011528959707219451
Zambia,2013,1.9735307509197841
Zambia,2014,233.8977221950718
Zambia,2015,1791.2190153107483
Zambia,2016,109.51373849957024
Zambia,2017,170.34275595194836
Zambia,2018,54.10657428047108
Zambia,2019,78.57099
Zambia,2020,12.340080028930846
Zimbabwe,2000,0.03584011011203375
Zimbabwe,2001,0.28278519494642756
Zimbabwe,2003,0.011246691483622855
Zimbabwe,2004,0.0016749932454829582
Zimbabwe,2005,0.5453611538291148
Zimbabwe,2009,0.017058740572859367
Zimbabwe,2010,15.002967075746781
Zimbabwe,2011,1.07750116679828
Zimbabwe,2013,318.99851597923765
Zimbabwe,2014,17.83445691272641
Zimbabwe,2016,0.032496144717777335
Zimbabwe,2017,5.574095436633201
Zimbabwe,2018,967.5437161409283
Zimbabwe,2019,0.254309
Zimbabwe,2020,0.011642988984174719
